id,answer
test_0001.jpg,d
test_0002.jpg,a
test_0003.jpg,c
test_0004.jpg,a
test_0005.jpg,b
test_0006.jpg,b
test_0007.jpg,a
test_0008.jpg,b
test_0009.jpg,d
test_0010.jpg,b
test_0011.jpg,a
test_0012.jpg,b
test_0013.jpg,a
test_0014.jpg,b
test_0015.jpg,a
test_0016.jpg,d
test_0017.jpg,c
test_0018.jpg,b
test_0019.jpg,b
test_0020.jpg,b
test_0021.jpg,b
test_0022.jpg,c
test_0023.jpg,b
test_0024.jpg,a
test_0025.jpg,b
test_0026.jpg,d
test_0027.jpg,d
test_0028.jpg,a
test_0029.jpg,c
test_0030.jpg,b
test_0031.jpg,a
test_0032.jpg,b
test_0033.jpg,c
test_0034.jpg,d
test_0035.jpg,d
test_0036.jpg,c
test_0037.jpg,d
test_0038.jpg,a
test_0039.jpg,b
test_0040.jpg,a
test_0041.jpg,a
test_0042.jpg,a
test_0043.jpg,c
test_0044.jpg,a
test_0045.jpg,a
test_0046.jpg,a
test_0047.jpg,c
test_0048.jpg,b
test_0049.jpg,d
test_0050.jpg,c
test_0051.jpg,d
test_0052.jpg,d
test_0053.jpg,a
test_0054.jpg,b
test_0055.jpg,b
test_0056.jpg,b
test_0057.jpg,b
test_0058.jpg,c
test_0059.jpg,c
test_0060.jpg,a
test_0061.jpg,a
test_0062.jpg,d
test_0063.jpg,d
test_0064.jpg,a
test_0065.jpg,a
test_0066.jpg,b
test_0067.jpg,b
test_0068.jpg,c
test_0069.jpg,c
test_0070.jpg,b
test_0071.jpg,d
test_0072.jpg,c
test_0073.jpg,c
test_0074.jpg,b
test_0075.jpg,a
test_0076.jpg,a
test_0077.jpg,b
test_0078.jpg,c
test_0079.jpg,d
test_0080.jpg,b
test_0081.jpg,d
test_0082.jpg,b
test_0083.jpg,a
test_0084.jpg,c
test_0085.jpg,b
test_0086.jpg,c
test_0087.jpg,b
test_0088.jpg,c
test_0089.jpg,b
test_0090.jpg,c
test_0091.jpg,d
test_0092.jpg,b
test_0093.jpg,d
test_0094.jpg,b
test_0095.jpg,b
test_0096.jpg,b
test_0097.jpg,c
test_0098.jpg,a
test_0099.jpg,c
test_0100.jpg,a
test_0101.jpg,b
test_0102.jpg,b
test_0103.jpg,c
test_0104.jpg,b
test_0105.jpg,d
test_0106.jpg,d
test_0107.jpg,c
test_0108.jpg,d
test_0109.jpg,a
test_0110.jpg,d
test_0111.jpg,c
test_0112.jpg,b
test_0113.jpg,b
test_0114.jpg,d
test_0115.jpg,d
test_0116.jpg,b
test_0117.jpg,a
test_0118.jpg,b
test_0119.jpg,d
test_0120.jpg,c
test_0121.jpg,d
test_0122.jpg,a
test_0123.jpg,a
test_0124.jpg,d
test_0125.jpg,b
test_0126.jpg,a
test_0127.jpg,c
test_0128.jpg,b
test_0129.jpg,b
test_0130.jpg,d
test_0131.jpg,a
test_0132.jpg,d
test_0133.jpg,d
test_0134.jpg,c
test_0135.jpg,d
test_0136.jpg,d
test_0137.jpg,a
test_0138.jpg,a
test_0139.jpg,a
test_0140.jpg,a
test_0141.jpg,b
test_0142.jpg,c
test_0143.jpg,b
test_0144.jpg,b
test_0145.jpg,a
test_0146.jpg,b
test_0147.jpg,a
test_0148.jpg,c
test_0149.jpg,b
test_0150.jpg,c
test_0151.jpg,a
test_0152.jpg,b
test_0153.jpg,c
test_0154.jpg,d
test_0155.jpg,a
test_0156.jpg,c
test_0157.jpg,b
test_0158.jpg,c
test_0159.jpg,a
test_0160.jpg,b
test_0161.jpg,c
test_0162.jpg,c
test_0163.jpg,c
test_0164.jpg,a
test_0165.jpg,b
test_0166.jpg,b
test_0167.jpg,b
test_0168.jpg,c
test_0169.jpg,a
test_0170.jpg,d
test_0171.jpg,d
test_0172.jpg,b
test_0173.jpg,a
test_0174.jpg,c
test_0175.jpg,d
test_0176.jpg,c
test_0177.jpg,a
test_0178.jpg,b
test_0179.jpg,b
test_0180.jpg,a
test_0181.jpg,a
test_0182.jpg,c
test_0183.jpg,d
test_0184.jpg,b
test_0185.jpg,a
test_0186.jpg,a
test_0187.jpg,d
test_0188.jpg,d
test_0189.jpg,d
test_0190.jpg,c
test_0191.jpg,a
test_0192.jpg,c
test_0193.jpg,b
test_0194.jpg,b
test_0195.jpg,a
test_0196.jpg,c
test_0197.jpg,b
test_0198.jpg,c
test_0199.jpg,a
test_0200.jpg,c
test_0201.jpg,a
test_0202.jpg,c
test_0203.jpg,a
test_0204.jpg,d
test_0205.jpg,c
test_0206.jpg,d
test_0207.jpg,b
test_0208.jpg,d
test_0209.jpg,c
test_0210.jpg,a
test_0211.jpg,d
test_0212.jpg,a
test_0213.jpg,a
test_0214.jpg,a
test_0215.jpg,c
test_0216.jpg,c
test_0217.jpg,c
test_0218.jpg,a
test_0219.jpg,a
test_0220.jpg,b
test_0221.jpg,d
test_0222.jpg,d
test_0223.jpg,c
test_0224.jpg,a
test_0225.jpg,a
test_0226.jpg,a
test_0227.jpg,d
test_0228.jpg,d
test_0229.jpg,d
test_0230.jpg,c
test_0231.jpg,c
test_0232.jpg,b
test_0233.jpg,c
test_0234.jpg,c
test_0235.jpg,a
test_0236.jpg,d
test_0237.jpg,c
test_0238.jpg,d
test_0239.jpg,d
test_0240.jpg,b
test_0241.jpg,d
test_0242.jpg,d
test_0243.jpg,b
test_0244.jpg,c
test_0245.jpg,d
test_0246.jpg,d
test_0247.jpg,c
test_0248.jpg,a
test_0249.jpg,a
test_0250.jpg,c
test_0251.jpg,c
test_0252.jpg,b
test_0253.jpg,a
test_0254.jpg,a
test_0255.jpg,a
test_0256.jpg,b
test_0257.jpg,b
test_0258.jpg,b
test_0259.jpg,d
test_0260.jpg,b
test_0261.jpg,a
test_0262.jpg,c
test_0263.jpg,a
test_0264.jpg,d
test_0265.jpg,b
test_0266.jpg,a
test_0267.jpg,b
test_0268.jpg,d
test_0269.jpg,d
test_0270.jpg,a
test_0271.jpg,d
test_0272.jpg,c
test_0273.jpg,a
test_0274.jpg,a
test_0275.jpg,b
test_0276.jpg,b
test_0277.jpg,d
test_0278.jpg,b
test_0279.jpg,d
test_0280.jpg,b
test_0281.jpg,a
test_0282.jpg,c
test_0283.jpg,b
test_0284.jpg,c
test_0285.jpg,b
test_0286.jpg,b
test_0287.jpg,b
test_0288.jpg,d
test_0289.jpg,b
test_0290.jpg,d
test_0291.jpg,d
test_0292.jpg,b
test_0293.jpg,c
test_0294.jpg,c
test_0295.jpg,c
test_0296.jpg,c
test_0297.jpg,d
test_0298.jpg,c
test_0299.jpg,b
test_0300.jpg,b
test_0301.jpg,a
test_0302.jpg,c
test_0303.jpg,c
test_0304.jpg,b
test_0305.jpg,b
test_0306.jpg,c
test_0307.jpg,b
test_0308.jpg,b
test_0309.jpg,d
test_0310.jpg,b
test_0311.jpg,a
test_0312.jpg,b
test_0313.jpg,a
test_0314.jpg,a
test_0315.jpg,b
test_0316.jpg,d
test_0317.jpg,c
test_0318.jpg,a
test_0319.jpg,d
test_0320.jpg,a
test_0321.jpg,d
test_0322.jpg,d
test_0323.jpg,d
test_0324.jpg,a
test_0325.jpg,d
test_0326.jpg,a
test_0327.jpg,d
test_0328.jpg,b
test_0329.jpg,a
test_0330.jpg,b
test_0331.jpg,b
test_0332.jpg,d
test_0333.jpg,a
test_0334.jpg,a
test_0335.jpg,d
test_0336.jpg,d
test_0337.jpg,c
test_0338.jpg,b
test_0339.jpg,a
test_0340.jpg,d
test_0341.jpg,d
test_0342.jpg,c
test_0343.jpg,c
test_0344.jpg,a
test_0345.jpg,c
test_0346.jpg,d
test_0347.jpg,a
test_0348.jpg,b
test_0349.jpg,a
test_0350.jpg,b
test_0351.jpg,a
test_0352.jpg,a
test_0353.jpg,d
test_0354.jpg,a
test_0355.jpg,a
test_0356.jpg,d
test_0357.jpg,a
test_0358.jpg,d
test_0359.jpg,a
test_0360.jpg,c
test_0361.jpg,b
test_0362.jpg,c
test_0363.jpg,d
test_0364.jpg,a
test_0365.jpg,b
test_0366.jpg,d
test_0367.jpg,d
test_0368.jpg,c
test_0369.jpg,a
test_0370.jpg,d
test_0371.jpg,a
test_0372.jpg,d
test_0373.jpg,d
test_0374.jpg,d
test_0375.jpg,d
test_0376.jpg,b
test_0377.jpg,a
test_0378.jpg,d
test_0379.jpg,a
test_0380.jpg,b
test_0381.jpg,c
test_0382.jpg,c
test_0383.jpg,c
test_0384.jpg,a
test_0385.jpg,b
test_0386.jpg,a
test_0387.jpg,d
test_0388.jpg,c
test_0389.jpg,d
test_0390.jpg,a
test_0391.jpg,d
test_0392.jpg,c
test_0393.jpg,a
test_0394.jpg,a
test_0395.jpg,a
test_0396.jpg,a
test_0397.jpg,c
test_0398.jpg,c
test_0399.jpg,b
test_0400.jpg,a
test_0401.jpg,a
test_0402.jpg,d
test_0403.jpg,c
test_0404.jpg,a
test_0405.jpg,d
test_0406.jpg,d
test_0407.jpg,d
test_0408.jpg,c
test_0409.jpg,b
test_0410.jpg,a
test_0411.jpg,b
test_0412.jpg,b
test_0413.jpg,a
test_0414.jpg,d
test_0415.jpg,d
test_0416.jpg,c
test_0417.jpg,b
test_0418.jpg,a
test_0419.jpg,c
test_0420.jpg,b
test_0421.jpg,d
test_0422.jpg,d
test_0423.jpg,b
test_0424.jpg,a
test_0425.jpg,a
test_0426.jpg,d
test_0427.jpg,c
test_0428.jpg,c
test_0429.jpg,c
test_0430.jpg,c
test_0431.jpg,a
test_0432.jpg,d
test_0433.jpg,d
test_0434.jpg,d
test_0435.jpg,b
test_0436.jpg,a
test_0437.jpg,d
test_0438.jpg,b
test_0439.jpg,a
test_0440.jpg,d
test_0441.jpg,c
test_0442.jpg,d
test_0443.jpg,a
test_0444.jpg,a
test_0445.jpg,d
test_0446.jpg,d
test_0447.jpg,d
test_0448.jpg,a
test_0449.jpg,d
test_0450.jpg,b
test_0451.jpg,b
test_0452.jpg,b
test_0453.jpg,d
test_0454.jpg,b
test_0455.jpg,c
test_0456.jpg,c
test_0457.jpg,d
test_0458.jpg,b
test_0459.jpg,b
test_0460.jpg,b
test_0461.jpg,a
test_0462.jpg,c
test_0463.jpg,a
test_0464.jpg,b
test_0465.jpg,a
test_0466.jpg,d
test_0467.jpg,d
test_0468.jpg,d
test_0469.jpg,c
test_0470.jpg,d
test_0471.jpg,a
test_0472.jpg,a
test_0473.jpg,b
test_0474.jpg,c
test_0475.jpg,a
test_0476.jpg,c
test_0477.jpg,b
test_0478.jpg,b
test_0479.jpg,c
test_0480.jpg,b
test_0481.jpg,b
test_0482.jpg,c
test_0483.jpg,a
test_0484.jpg,c
test_0485.jpg,b
test_0486.jpg,d
test_0487.jpg,b
test_0488.jpg,a
test_0489.jpg,c
test_0490.jpg,b
test_0491.jpg,c
test_0492.jpg,c
test_0493.jpg,a
test_0494.jpg,c
test_0495.jpg,c
test_0496.jpg,a
test_0497.jpg,d
test_0498.jpg,b
test_0499.jpg,b
test_0500.jpg,c
test_0501.jpg,c
test_0502.jpg,c
test_0503.jpg,c
test_0504.jpg,c
test_0505.jpg,d
test_0506.jpg,a
test_0507.jpg,a
test_0508.jpg,c
test_0509.jpg,d
test_0510.jpg,d
test_0511.jpg,b
test_0512.jpg,a
test_0513.jpg,d
test_0514.jpg,a
test_0515.jpg,b
test_0516.jpg,c
test_0517.jpg,d
test_0518.jpg,d
test_0519.jpg,a
test_0520.jpg,c
test_0521.jpg,d
test_0522.jpg,c
test_0523.jpg,b
test_0524.jpg,d
test_0525.jpg,c
test_0526.jpg,d
test_0527.jpg,d
test_0528.jpg,a
test_0529.jpg,a
test_0530.jpg,b
test_0531.jpg,b
test_0532.jpg,b
test_0533.jpg,c
test_0534.jpg,d
test_0535.jpg,b
test_0536.jpg,c
test_0537.jpg,d
test_0538.jpg,d
test_0539.jpg,b
test_0540.jpg,c
test_0541.jpg,b
test_0542.jpg,c
test_0543.jpg,d
test_0544.jpg,b
test_0545.jpg,c
test_0546.jpg,c
test_0547.jpg,a
test_0548.jpg,a
test_0549.jpg,d
test_0550.jpg,c
test_0551.jpg,a
test_0552.jpg,c
test_0553.jpg,c
test_0554.jpg,a
test_0555.jpg,a
test_0556.jpg,b
test_0557.jpg,c
test_0558.jpg,d
test_0559.jpg,b
test_0560.jpg,b
test_0561.jpg,c
test_0562.jpg,d
test_0563.jpg,c
test_0564.jpg,c
test_0565.jpg,a
test_0566.jpg,c
test_0567.jpg,a
test_0568.jpg,a
test_0569.jpg,b
test_0570.jpg,c
test_0571.jpg,d
test_0572.jpg,d
test_0573.jpg,d
test_0574.jpg,d
test_0575.jpg,a
test_0576.jpg,c
test_0577.jpg,c
test_0578.jpg,d
test_0579.jpg,c
test_0580.jpg,d
test_0581.jpg,a
test_0582.jpg,c
test_0583.jpg,b
test_0584.jpg,b
test_0585.jpg,c
test_0586.jpg,d
test_0587.jpg,a
test_0588.jpg,c
test_0589.jpg,a
test_0590.jpg,a
test_0591.jpg,d
test_0592.jpg,c
test_0593.jpg,d
test_0594.jpg,a
test_0595.jpg,d
test_0596.jpg,c
test_0597.jpg,a
test_0598.jpg,a
test_0599.jpg,a
test_0600.jpg,c
test_0601.jpg,a
test_0602.jpg,b
test_0603.jpg,c
test_0604.jpg,d
test_0605.jpg,c
test_0606.jpg,a
test_0607.jpg,a
test_0608.jpg,d
test_0609.jpg,b
test_0610.jpg,b
test_0611.jpg,d
test_0612.jpg,d
test_0613.jpg,d
test_0614.jpg,b
test_0615.jpg,a
test_0616.jpg,b
test_0617.jpg,c
test_0618.jpg,a
test_0619.jpg,b
test_0620.jpg,c
test_0621.jpg,c
test_0622.jpg,b
test_0623.jpg,d
test_0624.jpg,d
test_0625.jpg,a
test_0626.jpg,b
test_0627.jpg,c
test_0628.jpg,d
test_0629.jpg,b
test_0630.jpg,c
test_0631.jpg,b
test_0632.jpg,d
test_0633.jpg,a
test_0634.jpg,a
test_0635.jpg,c
test_0636.jpg,b
test_0637.jpg,a
test_0638.jpg,c
test_0639.jpg,a
test_0640.jpg,d
test_0641.jpg,a
test_0642.jpg,d
test_0643.jpg,c
test_0644.jpg,a
test_0645.jpg,b
test_0646.jpg,b
test_0647.jpg,b
test_0648.jpg,b
test_0649.jpg,c
test_0650.jpg,a
test_0651.jpg,d
test_0652.jpg,b
test_0653.jpg,b
test_0654.jpg,a
test_0655.jpg,b
test_0656.jpg,b
test_0657.jpg,b
test_0658.jpg,d
test_0659.jpg,d
test_0660.jpg,b
test_0661.jpg,a
test_0662.jpg,a
test_0663.jpg,d
test_0664.jpg,b
test_0665.jpg,b
test_0666.jpg,a
test_0667.jpg,a
test_0668.jpg,b
test_0669.jpg,b
test_0670.jpg,d
test_0671.jpg,b
test_0672.jpg,d
test_0673.jpg,c
test_0674.jpg,d
test_0675.jpg,a
test_0676.jpg,c
test_0677.jpg,d
test_0678.jpg,b
test_0679.jpg,b
test_0680.jpg,c
test_0681.jpg,a
test_0682.jpg,b
test_0683.jpg,b
test_0684.jpg,d
test_0685.jpg,d
test_0686.jpg,a
test_0687.jpg,c
test_0688.jpg,a
test_0689.jpg,a
test_0690.jpg,a
test_0691.jpg,b
test_0692.jpg,d
test_0693.jpg,d
test_0694.jpg,b
test_0695.jpg,d
test_0696.jpg,b
test_0697.jpg,d
test_0698.jpg,c
test_0699.jpg,d
test_0700.jpg,b
test_0701.jpg,a
test_0702.jpg,c
test_0703.jpg,d
test_0704.jpg,d
test_0705.jpg,d
test_0706.jpg,b
test_0707.jpg,d
test_0708.jpg,d
test_0709.jpg,c
test_0710.jpg,a
test_0711.jpg,c
test_0712.jpg,c
test_0713.jpg,d
test_0714.jpg,c
test_0715.jpg,b
test_0716.jpg,a
test_0717.jpg,d
test_0718.jpg,b
test_0719.jpg,a
test_0720.jpg,b
test_0721.jpg,d
test_0722.jpg,b
test_0723.jpg,c
test_0724.jpg,d
test_0725.jpg,c
test_0726.jpg,a
test_0727.jpg,c
test_0728.jpg,b
test_0729.jpg,c
test_0730.jpg,d
test_0731.jpg,c
test_0732.jpg,a
test_0733.jpg,d
test_0734.jpg,a
test_0735.jpg,c
test_0736.jpg,a
test_0737.jpg,d
test_0738.jpg,b
test_0739.jpg,c
test_0740.jpg,b
test_0741.jpg,c
test_0742.jpg,a
test_0743.jpg,a
test_0744.jpg,c
test_0745.jpg,d
test_0746.jpg,c
test_0747.jpg,c
test_0748.jpg,c
test_0749.jpg,a
test_0750.jpg,c
test_0751.jpg,c
test_0752.jpg,d
test_0753.jpg,d
test_0754.jpg,a
test_0755.jpg,b
test_0756.jpg,b
test_0757.jpg,a
test_0758.jpg,a
test_0759.jpg,a
test_0760.jpg,d
test_0761.jpg,c
test_0762.jpg,c
test_0763.jpg,a
test_0764.jpg,a
test_0765.jpg,c
test_0766.jpg,b
test_0767.jpg,a
test_0768.jpg,a
test_0769.jpg,a
test_0770.jpg,d
test_0771.jpg,b
test_0772.jpg,a
test_0773.jpg,c
test_0774.jpg,c
test_0775.jpg,c
test_0776.jpg,c
test_0777.jpg,c
test_0778.jpg,a
test_0779.jpg,d
test_0780.jpg,b
test_0781.jpg,a
test_0782.jpg,a
test_0783.jpg,a
test_0784.jpg,a
test_0785.jpg,a
test_0786.jpg,c
test_0787.jpg,d
test_0788.jpg,a
test_0789.jpg,b
test_0790.jpg,c
test_0791.jpg,d
test_0792.jpg,b
test_0793.jpg,b
test_0794.jpg,b
test_0795.jpg,b
test_0796.jpg,a
test_0797.jpg,c
test_0798.jpg,a
test_0799.jpg,d
test_0800.jpg,d
test_0801.jpg,a
test_0802.jpg,d
test_0803.jpg,b
test_0804.jpg,c
test_0805.jpg,a
test_0806.jpg,a
test_0807.jpg,c
test_0808.jpg,c
test_0809.jpg,a
test_0810.jpg,a
test_0811.jpg,c
test_0812.jpg,c
test_0813.jpg,c
test_0814.jpg,a
test_0815.jpg,c
test_0816.jpg,c
test_0817.jpg,a
test_0818.jpg,c
test_0819.jpg,b
test_0820.jpg,c
test_0821.jpg,c
test_0822.jpg,b
test_0823.jpg,b
test_0824.jpg,b
test_0825.jpg,a
test_0826.jpg,a
test_0827.jpg,c
test_0828.jpg,b
test_0829.jpg,a
test_0830.jpg,b
test_0831.jpg,a
test_0832.jpg,c
test_0833.jpg,c
test_0834.jpg,c
test_0835.jpg,d
test_0836.jpg,d
test_0837.jpg,c
test_0838.jpg,d
test_0839.jpg,c
test_0840.jpg,c
test_0841.jpg,d
test_0842.jpg,b
test_0843.jpg,c
test_0844.jpg,d
test_0845.jpg,d
test_0846.jpg,b
test_0847.jpg,a
test_0848.jpg,c
test_0849.jpg,d
test_0850.jpg,b
test_0851.jpg,d
test_0852.jpg,b
test_0853.jpg,c
test_0854.jpg,d
test_0855.jpg,b
test_0856.jpg,b
test_0857.jpg,b
test_0858.jpg,d
test_0859.jpg,d
test_0860.jpg,c
test_0861.jpg,d
test_0862.jpg,a
test_0863.jpg,a
test_0864.jpg,a
test_0865.jpg,d
test_0866.jpg,a
test_0867.jpg,b
test_0868.jpg,b
test_0869.jpg,b
test_0870.jpg,d
test_0871.jpg,d
test_0872.jpg,d
test_0873.jpg,d
test_0874.jpg,d
test_0875.jpg,d
test_0876.jpg,a
test_0877.jpg,a
test_0878.jpg,b
test_0879.jpg,c
test_0880.jpg,c
test_0881.jpg,c
test_0882.jpg,a
test_0883.jpg,a
test_0884.jpg,b
test_0885.jpg,d
test_0886.jpg,d
test_0887.jpg,b
test_0888.jpg,c
test_0889.jpg,b
test_0890.jpg,b
test_0891.jpg,c
test_0892.jpg,d
test_0893.jpg,c
test_0894.jpg,b
test_0895.jpg,b
test_0896.jpg,b
test_0897.jpg,d
test_0898.jpg,a
test_0899.jpg,c
test_0900.jpg,a
test_0901.jpg,c
test_0902.jpg,b
test_0903.jpg,d
test_0904.jpg,a
test_0905.jpg,a
test_0906.jpg,a
test_0907.jpg,b
test_0908.jpg,d
test_0909.jpg,b
test_0910.jpg,b
test_0911.jpg,d
test_0912.jpg,b
test_0913.jpg,d
test_0914.jpg,c
test_0915.jpg,b
test_0916.jpg,b
test_0917.jpg,b
test_0918.jpg,b
test_0919.jpg,a
test_0920.jpg,c
test_0921.jpg,d
test_0922.jpg,d
test_0923.jpg,d
test_0924.jpg,b
test_0925.jpg,b
test_0926.jpg,d
test_0927.jpg,d
test_0928.jpg,c
test_0929.jpg,b
test_0930.jpg,a
test_0931.jpg,a
test_0932.jpg,d
test_0933.jpg,a
test_0934.jpg,a
test_0935.jpg,c
test_0936.jpg,c
test_0937.jpg,d
test_0938.jpg,b
test_0939.jpg,a
test_0940.jpg,a
test_0941.jpg,c
test_0942.jpg,d
test_0943.jpg,b
test_0944.jpg,a
test_0945.jpg,a
test_0946.jpg,c
test_0947.jpg,d
test_0948.jpg,b
test_0949.jpg,a
test_0950.jpg,c
test_0951.jpg,a
test_0952.jpg,a
test_0953.jpg,d
test_0954.jpg,d
test_0955.jpg,b
test_0956.jpg,a
test_0957.jpg,d
test_0958.jpg,b
test_0959.jpg,a
test_0960.jpg,c
test_0961.jpg,b
test_0962.jpg,c
test_0963.jpg,b
test_0964.jpg,d
test_0965.jpg,b
test_0966.jpg,b
test_0967.jpg,c
test_0968.jpg,a
test_0969.jpg,d
test_0970.jpg,d
test_0971.jpg,b
test_0972.jpg,d
test_0973.jpg,b
test_0974.jpg,a
test_0975.jpg,b
test_0976.jpg,d
test_0977.jpg,b
test_0978.jpg,c
test_0979.jpg,a
test_0980.jpg,a
test_0981.jpg,b
test_0982.jpg,a
test_0983.jpg,d
test_0984.jpg,b
test_0985.jpg,b
test_0986.jpg,a
test_0987.jpg,d
test_0988.jpg,d
test_0989.jpg,a
test_0990.jpg,c
test_0991.jpg,a
test_0992.jpg,b
test_0993.jpg,a
test_0994.jpg,d
test_0995.jpg,b
test_0996.jpg,c
test_0997.jpg,a
test_0998.jpg,b
test_0999.jpg,c
test_1000.jpg,c
test_1001.jpg,d
test_1002.jpg,d
test_1003.jpg,a
test_1004.jpg,d
test_1005.jpg,a
test_1006.jpg,b
test_1007.jpg,b
test_1008.jpg,a
test_1009.jpg,a
test_1010.jpg,b
test_1011.jpg,b
test_1012.jpg,d
test_1013.jpg,d
test_1014.jpg,b
test_1015.jpg,b
test_1016.jpg,a
test_1017.jpg,d
test_1018.jpg,d
test_1019.jpg,d
test_1020.jpg,b
test_1021.jpg,a
test_1022.jpg,d
test_1023.jpg,c
test_1024.jpg,a
test_1025.jpg,b
test_1026.jpg,c
test_1027.jpg,d
test_1028.jpg,b
test_1029.jpg,a
test_1030.jpg,a
test_1031.jpg,d
test_1032.jpg,c
test_1033.jpg,b
test_1034.jpg,c
test_1035.jpg,b
test_1036.jpg,d
test_1037.jpg,c
test_1038.jpg,c
test_1039.jpg,c
test_1040.jpg,d
test_1041.jpg,a
test_1042.jpg,c
test_1043.jpg,d
test_1044.jpg,b
test_1045.jpg,c
test_1046.jpg,d
test_1047.jpg,c
test_1048.jpg,c
test_1049.jpg,a
test_1050.jpg,d
test_1051.jpg,b
test_1052.jpg,d
test_1053.jpg,d
test_1054.jpg,b
test_1055.jpg,a
test_1056.jpg,d
test_1057.jpg,d
test_1058.jpg,b
test_1059.jpg,b
test_1060.jpg,d
test_1061.jpg,c
test_1062.jpg,a
test_1063.jpg,d
test_1064.jpg,a
test_1065.jpg,d
test_1066.jpg,a
test_1067.jpg,c
test_1068.jpg,c
test_1069.jpg,b
test_1070.jpg,b
test_1071.jpg,d
test_1072.jpg,c
test_1073.jpg,c
test_1074.jpg,d
test_1075.jpg,d
test_1076.jpg,a
test_1077.jpg,b
test_1078.jpg,c
test_1079.jpg,a
test_1080.jpg,b
test_1081.jpg,a
test_1082.jpg,d
test_1083.jpg,a
test_1084.jpg,a
test_1085.jpg,d
test_1086.jpg,c
test_1087.jpg,b
test_1088.jpg,d
test_1089.jpg,b
test_1090.jpg,d
test_1091.jpg,c
test_1092.jpg,d
test_1093.jpg,a
test_1094.jpg,c
test_1095.jpg,a
test_1096.jpg,a
test_1097.jpg,d
test_1098.jpg,a
test_1099.jpg,b
test_1100.jpg,d
test_1101.jpg,a
test_1102.jpg,a
test_1103.jpg,c
test_1104.jpg,c
test_1105.jpg,c
test_1106.jpg,c
test_1107.jpg,d
test_1108.jpg,b
test_1109.jpg,c
test_1110.jpg,d
test_1111.jpg,c
test_1112.jpg,d
test_1113.jpg,c
test_1114.jpg,a
test_1115.jpg,c
test_1116.jpg,c
test_1117.jpg,a
test_1118.jpg,d
test_1119.jpg,c
test_1120.jpg,a
test_1121.jpg,b
test_1122.jpg,a
test_1123.jpg,c
test_1124.jpg,b
test_1125.jpg,d
test_1126.jpg,d
test_1127.jpg,c
test_1128.jpg,b
test_1129.jpg,d
test_1130.jpg,c
test_1131.jpg,b
test_1132.jpg,c
test_1133.jpg,d
test_1134.jpg,d
test_1135.jpg,a
test_1136.jpg,a
test_1137.jpg,a
test_1138.jpg,c
test_1139.jpg,c
test_1140.jpg,d
test_1141.jpg,b
test_1142.jpg,b
test_1143.jpg,b
test_1144.jpg,c
test_1145.jpg,c
test_1146.jpg,d
test_1147.jpg,b
test_1148.jpg,d
test_1149.jpg,c
test_1150.jpg,d
test_1151.jpg,b
test_1152.jpg,a
test_1153.jpg,b
test_1154.jpg,d
test_1155.jpg,a
test_1156.jpg,d
test_1157.jpg,b
test_1158.jpg,b
test_1159.jpg,d
test_1160.jpg,a
test_1161.jpg,c
test_1162.jpg,a
test_1163.jpg,d
test_1164.jpg,c
test_1165.jpg,d
test_1166.jpg,b
test_1167.jpg,d
test_1168.jpg,c
test_1169.jpg,b
test_1170.jpg,a
test_1171.jpg,d
test_1172.jpg,c
test_1173.jpg,d
test_1174.jpg,d
test_1175.jpg,c
test_1176.jpg,c
test_1177.jpg,b
test_1178.jpg,a
test_1179.jpg,b
test_1180.jpg,b
test_1181.jpg,c
test_1182.jpg,c
test_1183.jpg,b
test_1184.jpg,c
test_1185.jpg,b
test_1186.jpg,a
test_1187.jpg,b
test_1188.jpg,a
test_1189.jpg,a
test_1190.jpg,b
test_1191.jpg,b
test_1192.jpg,d
test_1193.jpg,a
test_1194.jpg,c
test_1195.jpg,c
test_1196.jpg,a
test_1197.jpg,d
test_1198.jpg,c
test_1199.jpg,d
test_1200.jpg,d
test_1201.jpg,d
test_1202.jpg,b
test_1203.jpg,a
test_1204.jpg,b
test_1205.jpg,a
test_1206.jpg,d
test_1207.jpg,a
test_1208.jpg,d
test_1209.jpg,c
test_1210.jpg,b
test_1211.jpg,a
test_1212.jpg,c
test_1213.jpg,c
test_1214.jpg,b
test_1215.jpg,b
test_1216.jpg,b
test_1217.jpg,d
test_1218.jpg,d
test_1219.jpg,c
test_1220.jpg,d
test_1221.jpg,b
test_1222.jpg,b
test_1223.jpg,d
test_1224.jpg,c
test_1225.jpg,b
test_1226.jpg,b
test_1227.jpg,c
test_1228.jpg,d
test_1229.jpg,b
test_1230.jpg,a
test_1231.jpg,c
test_1232.jpg,d
test_1233.jpg,b
test_1234.jpg,b
test_1235.jpg,c
test_1236.jpg,c
test_1237.jpg,a
test_1238.jpg,c
test_1239.jpg,c
test_1240.jpg,d
test_1241.jpg,c
test_1242.jpg,b
test_1243.jpg,a
test_1244.jpg,b
test_1245.jpg,d
test_1246.jpg,c
test_1247.jpg,a
test_1248.jpg,d
test_1249.jpg,a
test_1250.jpg,b
test_1251.jpg,b
test_1252.jpg,d
test_1253.jpg,b
test_1254.jpg,d
test_1255.jpg,c
test_1256.jpg,d
test_1257.jpg,c
test_1258.jpg,a
test_1259.jpg,a
test_1260.jpg,d
test_1261.jpg,d
test_1262.jpg,d
test_1263.jpg,b
test_1264.jpg,d
test_1265.jpg,d
test_1266.jpg,c
test_1267.jpg,b
test_1268.jpg,d
test_1269.jpg,d
test_1270.jpg,d
test_1271.jpg,c
test_1272.jpg,b
test_1273.jpg,c
test_1274.jpg,d
test_1275.jpg,a
test_1276.jpg,c
test_1277.jpg,c
test_1278.jpg,d
test_1279.jpg,b
test_1280.jpg,c
test_1281.jpg,a
test_1282.jpg,c
test_1283.jpg,a
test_1284.jpg,a
test_1285.jpg,d
test_1286.jpg,a
test_1287.jpg,a
test_1288.jpg,c
test_1289.jpg,b
test_1290.jpg,c
test_1291.jpg,c
test_1292.jpg,b
test_1293.jpg,b
test_1294.jpg,b
test_1295.jpg,a
test_1296.jpg,d
test_1297.jpg,d
test_1298.jpg,c
test_1299.jpg,a
test_1300.jpg,b
test_1301.jpg,b
test_1302.jpg,d
test_1303.jpg,c
test_1304.jpg,d
test_1305.jpg,c
test_1306.jpg,c
test_1307.jpg,a
test_1308.jpg,b
test_1309.jpg,a
test_1310.jpg,b
test_1311.jpg,b
test_1312.jpg,d
test_1313.jpg,a
test_1314.jpg,a
test_1315.jpg,c
test_1316.jpg,a
test_1317.jpg,c
test_1318.jpg,a
test_1319.jpg,c
test_1320.jpg,b
test_1321.jpg,c
test_1322.jpg,a
test_1323.jpg,a
test_1324.jpg,a
test_1325.jpg,a
test_1326.jpg,b
test_1327.jpg,c
test_1328.jpg,d
test_1329.jpg,c
test_1330.jpg,b
test_1331.jpg,c
test_1332.jpg,c
test_1333.jpg,b
test_1334.jpg,a
test_1335.jpg,d
test_1336.jpg,a
test_1337.jpg,d
test_1338.jpg,c
test_1339.jpg,b
test_1340.jpg,d
test_1341.jpg,b
test_1342.jpg,a
test_1343.jpg,c
test_1344.jpg,d
test_1345.jpg,d
test_1346.jpg,d
test_1347.jpg,b
test_1348.jpg,b
test_1349.jpg,d
test_1350.jpg,a
test_1351.jpg,d
test_1352.jpg,c
test_1353.jpg,d
test_1354.jpg,d
test_1355.jpg,a
test_1356.jpg,d
test_1357.jpg,a
test_1358.jpg,b
test_1359.jpg,b
test_1360.jpg,a
test_1361.jpg,b
test_1362.jpg,d
test_1363.jpg,d
test_1364.jpg,a
test_1365.jpg,b
test_1366.jpg,b
test_1367.jpg,b
test_1368.jpg,b
test_1369.jpg,a
test_1370.jpg,a
test_1371.jpg,c
test_1372.jpg,b
test_1373.jpg,c
test_1374.jpg,b
test_1375.jpg,d
test_1376.jpg,d
test_1377.jpg,c
test_1378.jpg,a
test_1379.jpg,d
test_1380.jpg,c
test_1381.jpg,c
test_1382.jpg,d
test_1383.jpg,c
test_1384.jpg,d
test_1385.jpg,d
test_1386.jpg,a
test_1387.jpg,a
test_1388.jpg,b
test_1389.jpg,c
test_1390.jpg,d
test_1391.jpg,a
test_1392.jpg,d
test_1393.jpg,b
test_1394.jpg,a
test_1395.jpg,a
test_1396.jpg,d
test_1397.jpg,a
test_1398.jpg,c
test_1399.jpg,a
test_1400.jpg,b
test_1401.jpg,b
test_1402.jpg,d
test_1403.jpg,b
test_1404.jpg,c
test_1405.jpg,b
test_1406.jpg,b
test_1407.jpg,b
test_1408.jpg,a
test_1409.jpg,b
test_1410.jpg,d
test_1411.jpg,d
test_1412.jpg,d
test_1413.jpg,b
test_1414.jpg,c
test_1415.jpg,b
test_1416.jpg,b
test_1417.jpg,a
test_1418.jpg,a
test_1419.jpg,a
test_1420.jpg,c
test_1421.jpg,d
test_1422.jpg,c
test_1423.jpg,c
test_1424.jpg,c
test_1425.jpg,a
test_1426.jpg,a
test_1427.jpg,a
test_1428.jpg,d
test_1429.jpg,b
test_1430.jpg,a
test_1431.jpg,a
test_1432.jpg,b
test_1433.jpg,b
test_1434.jpg,d
test_1435.jpg,b
test_1436.jpg,c
test_1437.jpg,a
test_1438.jpg,d
test_1439.jpg,b
test_1440.jpg,c
test_1441.jpg,c
test_1442.jpg,b
test_1443.jpg,d
test_1444.jpg,a
test_1445.jpg,c
test_1446.jpg,b
test_1447.jpg,d
test_1448.jpg,d
test_1449.jpg,a
test_1450.jpg,a
test_1451.jpg,b
test_1452.jpg,b
test_1453.jpg,b
test_1454.jpg,b
test_1455.jpg,c
test_1456.jpg,b
test_1457.jpg,d
test_1458.jpg,a
test_1459.jpg,a
test_1460.jpg,b
test_1461.jpg,d
test_1462.jpg,d
test_1463.jpg,a
test_1464.jpg,d
test_1465.jpg,d
test_1466.jpg,b
test_1467.jpg,c
test_1468.jpg,a
test_1469.jpg,b
test_1470.jpg,c
test_1471.jpg,d
test_1472.jpg,c
test_1473.jpg,b
test_1474.jpg,a
test_1475.jpg,c
test_1476.jpg,c
test_1477.jpg,c
test_1478.jpg,b
test_1479.jpg,b
test_1480.jpg,a
test_1481.jpg,a
test_1482.jpg,a
test_1483.jpg,a
test_1484.jpg,c
test_1485.jpg,c
test_1486.jpg,c
test_1487.jpg,b
test_1488.jpg,b
test_1489.jpg,d
test_1490.jpg,c
test_1491.jpg,a
test_1492.jpg,a
test_1493.jpg,b
test_1494.jpg,a
test_1495.jpg,b
test_1496.jpg,c
test_1497.jpg,d
test_1498.jpg,a
test_1499.jpg,b
test_1500.jpg,a
test_1501.jpg,a
test_1502.jpg,b
test_1503.jpg,c
test_1504.jpg,d
test_1505.jpg,d
test_1506.jpg,b
test_1507.jpg,a
test_1508.jpg,b
test_1509.jpg,b
test_1510.jpg,a
test_1511.jpg,c
test_1512.jpg,d
test_1513.jpg,c
test_1514.jpg,c
test_1515.jpg,b
test_1516.jpg,a
test_1517.jpg,a
test_1518.jpg,a
test_1519.jpg,b
test_1520.jpg,c
test_1521.jpg,d
test_1522.jpg,d
test_1523.jpg,a
test_1524.jpg,d
test_1525.jpg,c
test_1526.jpg,d
test_1527.jpg,d
test_1528.jpg,a
test_1529.jpg,b
test_1530.jpg,b
test_1531.jpg,a
test_1532.jpg,d
test_1533.jpg,a
test_1534.jpg,c
test_1535.jpg,c
test_1536.jpg,c
test_1537.jpg,a
test_1538.jpg,b
test_1539.jpg,a
test_1540.jpg,b
test_1541.jpg,d
test_1542.jpg,b
test_1543.jpg,c
test_1544.jpg,a
test_1545.jpg,d
test_1546.jpg,c
test_1547.jpg,d
test_1548.jpg,a
test_1549.jpg,a
test_1550.jpg,d
test_1551.jpg,c
test_1552.jpg,c
test_1553.jpg,d
test_1554.jpg,d
test_1555.jpg,a
test_1556.jpg,b
test_1557.jpg,c
test_1558.jpg,d
test_1559.jpg,d
test_1560.jpg,a
test_1561.jpg,a
test_1562.jpg,c
test_1563.jpg,a
test_1564.jpg,c
test_1565.jpg,a
test_1566.jpg,b
test_1567.jpg,d
test_1568.jpg,c
test_1569.jpg,b
test_1570.jpg,d
test_1571.jpg,c
test_1572.jpg,a
test_1573.jpg,a
test_1574.jpg,a
test_1575.jpg,d
test_1576.jpg,c
test_1577.jpg,a
test_1578.jpg,c
test_1579.jpg,c
test_1580.jpg,a
test_1581.jpg,b
test_1582.jpg,c
test_1583.jpg,a
test_1584.jpg,b
test_1585.jpg,c
test_1586.jpg,d
test_1587.jpg,b
test_1588.jpg,a
test_1589.jpg,d
test_1590.jpg,a
test_1591.jpg,c
test_1592.jpg,c
test_1593.jpg,c
test_1594.jpg,d
test_1595.jpg,b
test_1596.jpg,d
test_1597.jpg,c
test_1598.jpg,d
test_1599.jpg,b
test_1600.jpg,b
test_1601.jpg,c
test_1602.jpg,a
test_1603.jpg,c
test_1604.jpg,d
test_1605.jpg,a
test_1606.jpg,c
test_1607.jpg,b
test_1608.jpg,d
test_1609.jpg,d
test_1610.jpg,b
test_1611.jpg,c
test_1612.jpg,c
test_1613.jpg,b
test_1614.jpg,d
test_1615.jpg,c
test_1616.jpg,b
test_1617.jpg,a
test_1618.jpg,c
test_1619.jpg,c
test_1620.jpg,d
test_1621.jpg,b
test_1622.jpg,b
test_1623.jpg,b
test_1624.jpg,c
test_1625.jpg,b
test_1626.jpg,b
test_1627.jpg,a
test_1628.jpg,a
test_1629.jpg,a
test_1630.jpg,b
test_1631.jpg,c
test_1632.jpg,b
test_1633.jpg,d
test_1634.jpg,d
test_1635.jpg,c
test_1636.jpg,d
test_1637.jpg,d
test_1638.jpg,a
test_1639.jpg,c
test_1640.jpg,a
test_1641.jpg,a
test_1642.jpg,c
test_1643.jpg,c
test_1644.jpg,c
test_1645.jpg,c
test_1646.jpg,c
test_1647.jpg,c
test_1648.jpg,d
test_1649.jpg,d
test_1650.jpg,c
test_1651.jpg,d
test_1652.jpg,c
test_1653.jpg,b
test_1654.jpg,c
test_1655.jpg,d
test_1656.jpg,b
test_1657.jpg,d
test_1658.jpg,b
test_1659.jpg,b
test_1660.jpg,b
test_1661.jpg,b
test_1662.jpg,a
test_1663.jpg,a
test_1664.jpg,b
test_1665.jpg,a
test_1666.jpg,d
test_1667.jpg,c
test_1668.jpg,a
test_1669.jpg,d
test_1670.jpg,d
test_1671.jpg,a
test_1672.jpg,c
test_1673.jpg,d
test_1674.jpg,c
test_1675.jpg,b
test_1676.jpg,c
test_1677.jpg,c
test_1678.jpg,b
test_1679.jpg,c
test_1680.jpg,a
test_1681.jpg,a
test_1682.jpg,a
test_1683.jpg,d
test_1684.jpg,c
test_1685.jpg,b
test_1686.jpg,c
test_1687.jpg,d
test_1688.jpg,a
test_1689.jpg,d
test_1690.jpg,a
test_1691.jpg,a
test_1692.jpg,b
test_1693.jpg,a
test_1694.jpg,b
test_1695.jpg,b
test_1696.jpg,d
test_1697.jpg,b
test_1698.jpg,b
test_1699.jpg,b
test_1700.jpg,d
test_1701.jpg,c
test_1702.jpg,c
test_1703.jpg,b
test_1704.jpg,d
test_1705.jpg,a
test_1706.jpg,a
test_1707.jpg,d
test_1708.jpg,b
test_1709.jpg,d
test_1710.jpg,b
test_1711.jpg,a
test_1712.jpg,d
test_1713.jpg,d
test_1714.jpg,a
test_1715.jpg,b
test_1716.jpg,b
test_1717.jpg,c
test_1718.jpg,b
test_1719.jpg,d
test_1720.jpg,d
test_1721.jpg,a
test_1722.jpg,c
test_1723.jpg,d
test_1724.jpg,b
test_1725.jpg,c
test_1726.jpg,d
test_1727.jpg,b
test_1728.jpg,b
test_1729.jpg,a
test_1730.jpg,d
test_1731.jpg,c
test_1732.jpg,b
test_1733.jpg,b
test_1734.jpg,a
test_1735.jpg,c
test_1736.jpg,a
test_1737.jpg,b
test_1738.jpg,a
test_1739.jpg,b
test_1740.jpg,c
test_1741.jpg,b
test_1742.jpg,b
test_1743.jpg,b
test_1744.jpg,b
test_1745.jpg,d
test_1746.jpg,a
test_1747.jpg,b
test_1748.jpg,a
test_1749.jpg,a
test_1750.jpg,b
test_1751.jpg,a
test_1752.jpg,b
test_1753.jpg,d
test_1754.jpg,b
test_1755.jpg,c
test_1756.jpg,d
test_1757.jpg,a
test_1758.jpg,c
test_1759.jpg,a
test_1760.jpg,c
test_1761.jpg,c
test_1762.jpg,c
test_1763.jpg,c
test_1764.jpg,a
test_1765.jpg,a
test_1766.jpg,d
test_1767.jpg,b
test_1768.jpg,b
test_1769.jpg,a
test_1770.jpg,d
test_1771.jpg,c
test_1772.jpg,d
test_1773.jpg,d
test_1774.jpg,d
test_1775.jpg,b
test_1776.jpg,a
test_1777.jpg,a
test_1778.jpg,b
test_1779.jpg,a
test_1780.jpg,d
test_1781.jpg,a
test_1782.jpg,c
test_1783.jpg,b
test_1784.jpg,a
test_1785.jpg,a
test_1786.jpg,d
test_1787.jpg,c
test_1788.jpg,a
test_1789.jpg,a
test_1790.jpg,c
test_1791.jpg,b
test_1792.jpg,b
test_1793.jpg,d
test_1794.jpg,a
test_1795.jpg,d
test_1796.jpg,c
test_1797.jpg,b
test_1798.jpg,c
test_1799.jpg,c
test_1800.jpg,b
test_1801.jpg,a
test_1802.jpg,b
test_1803.jpg,c
test_1804.jpg,c
test_1805.jpg,d
test_1806.jpg,b
test_1807.jpg,c
test_1808.jpg,a
test_1809.jpg,a
test_1810.jpg,a
test_1811.jpg,c
test_1812.jpg,c
test_1813.jpg,c
test_1814.jpg,c
test_1815.jpg,d
test_1816.jpg,b
test_1817.jpg,c
test_1818.jpg,b
test_1819.jpg,c
test_1820.jpg,b
test_1821.jpg,d
test_1822.jpg,a
test_1823.jpg,d
test_1824.jpg,a
test_1825.jpg,c
test_1826.jpg,a
test_1827.jpg,b
test_1828.jpg,c
test_1829.jpg,d
test_1830.jpg,b
test_1831.jpg,d
test_1832.jpg,b
test_1833.jpg,b
test_1834.jpg,c
test_1835.jpg,a
test_1836.jpg,c
test_1837.jpg,a
test_1838.jpg,c
test_1839.jpg,d
test_1840.jpg,a
test_1841.jpg,c
test_1842.jpg,a
test_1843.jpg,d
test_1844.jpg,a
test_1845.jpg,b
test_1846.jpg,c
test_1847.jpg,a
test_1848.jpg,c
test_1849.jpg,a
test_1850.jpg,b
test_1851.jpg,d
test_1852.jpg,b
test_1853.jpg,d
test_1854.jpg,a
test_1855.jpg,c
test_1856.jpg,d
test_1857.jpg,c
test_1858.jpg,c
test_1859.jpg,a
test_1860.jpg,c
test_1861.jpg,c
test_1862.jpg,b
test_1863.jpg,d
test_1864.jpg,b
test_1865.jpg,c
test_1866.jpg,d
test_1867.jpg,c
test_1868.jpg,c
test_1869.jpg,b
test_1870.jpg,c
test_1871.jpg,d
test_1872.jpg,b
test_1873.jpg,c
test_1874.jpg,a
test_1875.jpg,d
test_1876.jpg,b
test_1877.jpg,d
test_1878.jpg,a
test_1879.jpg,d
test_1880.jpg,c
test_1881.jpg,b
test_1882.jpg,c
test_1883.jpg,a
test_1884.jpg,c
test_1885.jpg,d
test_1886.jpg,b
test_1887.jpg,c
test_1888.jpg,b
test_1889.jpg,a
test_1890.jpg,d
test_1891.jpg,d
test_1892.jpg,b
test_1893.jpg,c
test_1894.jpg,c
test_1895.jpg,d
test_1896.jpg,b
test_1897.jpg,a
test_1898.jpg,b
test_1899.jpg,c
test_1900.jpg,b
test_1901.jpg,a
test_1902.jpg,b
test_1903.jpg,d
test_1904.jpg,b
test_1905.jpg,b
test_1906.jpg,b
test_1907.jpg,c
test_1908.jpg,d
test_1909.jpg,a
test_1910.jpg,d
test_1911.jpg,d
test_1912.jpg,d
test_1913.jpg,d
test_1914.jpg,b
test_1915.jpg,c
test_1916.jpg,d
test_1917.jpg,b
test_1918.jpg,a
test_1919.jpg,a
test_1920.jpg,a
test_1921.jpg,c
test_1922.jpg,c
test_1923.jpg,b
test_1924.jpg,a
test_1925.jpg,a
test_1926.jpg,b
test_1927.jpg,c
test_1928.jpg,d
test_1929.jpg,b
test_1930.jpg,c
test_1931.jpg,c
test_1932.jpg,d
test_1933.jpg,a
test_1934.jpg,d
test_1935.jpg,c
test_1936.jpg,d
test_1937.jpg,b
test_1938.jpg,c
test_1939.jpg,b
test_1940.jpg,b
test_1941.jpg,a
test_1942.jpg,c
test_1943.jpg,d
test_1944.jpg,b
test_1945.jpg,a
test_1946.jpg,c
test_1947.jpg,c
test_1948.jpg,a
test_1949.jpg,c
test_1950.jpg,c
test_1951.jpg,d
test_1952.jpg,b
test_1953.jpg,c
test_1954.jpg,a
test_1955.jpg,b
test_1956.jpg,d
test_1957.jpg,d
test_1958.jpg,a
test_1959.jpg,d
test_1960.jpg,d
test_1961.jpg,b
test_1962.jpg,a
test_1963.jpg,b
test_1964.jpg,b
test_1965.jpg,d
test_1966.jpg,d
test_1967.jpg,d
test_1968.jpg,b
test_1969.jpg,b
test_1970.jpg,d
test_1971.jpg,a
test_1972.jpg,b
test_1973.jpg,d
test_1974.jpg,a
test_1975.jpg,a
test_1976.jpg,a
test_1977.jpg,c
test_1978.jpg,c
test_1979.jpg,a
test_1980.jpg,c
test_1981.jpg,d
test_1982.jpg,c
test_1983.jpg,d
test_1984.jpg,d
test_1985.jpg,c
test_1986.jpg,c
test_1987.jpg,b
test_1988.jpg,d
test_1989.jpg,b
test_1990.jpg,a
test_1991.jpg,d
test_1992.jpg,a
test_1993.jpg,d
test_1994.jpg,c
test_1995.jpg,b
test_1996.jpg,d
test_1997.jpg,b
test_1998.jpg,b
test_1999.jpg,a
test_2000.jpg,d
test_2001.jpg,a
test_2002.jpg,b
test_2003.jpg,c
test_2004.jpg,d
test_2005.jpg,b
test_2006.jpg,a
test_2007.jpg,a
test_2008.jpg,b
test_2009.jpg,d
test_2010.jpg,c
test_2011.jpg,c
test_2012.jpg,c
test_2013.jpg,b
test_2014.jpg,b
test_2015.jpg,d
test_2016.jpg,c
test_2017.jpg,d
test_2018.jpg,a
test_2019.jpg,b
test_2020.jpg,d
test_2021.jpg,c
test_2022.jpg,a
test_2023.jpg,d
test_2024.jpg,d
test_2025.jpg,a
test_2026.jpg,d
test_2027.jpg,d
test_2028.jpg,b
test_2029.jpg,a
test_2030.jpg,b
test_2031.jpg,d
test_2032.jpg,d
test_2033.jpg,b
test_2034.jpg,c
test_2035.jpg,b
test_2036.jpg,b
test_2037.jpg,a
test_2038.jpg,d
test_2039.jpg,b
test_2040.jpg,b
test_2041.jpg,a
test_2042.jpg,d
test_2043.jpg,c
test_2044.jpg,c
test_2045.jpg,b
test_2046.jpg,a
test_2047.jpg,a
test_2048.jpg,a
test_2049.jpg,d
test_2050.jpg,c
test_2051.jpg,d
test_2052.jpg,d
test_2053.jpg,c
test_2054.jpg,c
test_2055.jpg,c
test_2056.jpg,b
test_2057.jpg,a
test_2058.jpg,c
test_2059.jpg,d
test_2060.jpg,b
test_2061.jpg,c
test_2062.jpg,c
test_2063.jpg,d
test_2064.jpg,d
test_2065.jpg,c
test_2066.jpg,a
test_2067.jpg,d
test_2068.jpg,c
test_2069.jpg,d
test_2070.jpg,d
test_2071.jpg,a
test_2072.jpg,b
test_2073.jpg,b
test_2074.jpg,a
test_2075.jpg,a
test_2076.jpg,d
test_2077.jpg,a
test_2078.jpg,d
test_2079.jpg,b
test_2080.jpg,b
test_2081.jpg,a
test_2082.jpg,c
test_2083.jpg,d
test_2084.jpg,b
test_2085.jpg,c
test_2086.jpg,d
test_2087.jpg,d
test_2088.jpg,c
test_2089.jpg,d
test_2090.jpg,b
test_2091.jpg,d
test_2092.jpg,c
test_2093.jpg,c
test_2094.jpg,d
test_2095.jpg,a
test_2096.jpg,c
test_2097.jpg,a
test_2098.jpg,a
test_2099.jpg,b
test_2100.jpg,c
test_2101.jpg,d
test_2102.jpg,a
test_2103.jpg,a
test_2104.jpg,d
test_2105.jpg,d
test_2106.jpg,d
test_2107.jpg,d
test_2108.jpg,b
test_2109.jpg,c
test_2110.jpg,a
test_2111.jpg,a
test_2112.jpg,d
test_2113.jpg,b
test_2114.jpg,b
test_2115.jpg,a
test_2116.jpg,c
test_2117.jpg,a
test_2118.jpg,d
test_2119.jpg,c
test_2120.jpg,b
test_2121.jpg,a
test_2122.jpg,d
test_2123.jpg,c
test_2124.jpg,c
test_2125.jpg,c
test_2126.jpg,c
test_2127.jpg,b
test_2128.jpg,d
test_2129.jpg,c
test_2130.jpg,d
test_2131.jpg,d
test_2132.jpg,b
test_2133.jpg,d
test_2134.jpg,b
test_2135.jpg,c
test_2136.jpg,d
test_2137.jpg,a
test_2138.jpg,a
test_2139.jpg,d
test_2140.jpg,d
test_2141.jpg,d
test_2142.jpg,c
test_2143.jpg,b
test_2144.jpg,c
test_2145.jpg,c
test_2146.jpg,d
test_2147.jpg,b
test_2148.jpg,a
test_2149.jpg,d
test_2150.jpg,d
test_2151.jpg,d
test_2152.jpg,c
test_2153.jpg,c
test_2154.jpg,b
test_2155.jpg,b
test_2156.jpg,d
test_2157.jpg,d
test_2158.jpg,b
test_2159.jpg,c
test_2160.jpg,d
test_2161.jpg,c
test_2162.jpg,b
test_2163.jpg,c
test_2164.jpg,d
test_2165.jpg,c
test_2166.jpg,c
test_2167.jpg,d
test_2168.jpg,d
test_2169.jpg,d
test_2170.jpg,a
test_2171.jpg,c
test_2172.jpg,b
test_2173.jpg,c
test_2174.jpg,c
test_2175.jpg,d
test_2176.jpg,d
test_2177.jpg,d
test_2178.jpg,a
test_2179.jpg,c
test_2180.jpg,a
test_2181.jpg,d
test_2182.jpg,b
test_2183.jpg,d
test_2184.jpg,c
test_2185.jpg,a
test_2186.jpg,b
test_2187.jpg,c
test_2188.jpg,a
test_2189.jpg,b
test_2190.jpg,d
test_2191.jpg,a
test_2192.jpg,c
test_2193.jpg,b
test_2194.jpg,c
test_2195.jpg,c
test_2196.jpg,c
test_2197.jpg,b
test_2198.jpg,a
test_2199.jpg,c
test_2200.jpg,c
test_2201.jpg,d
test_2202.jpg,b
test_2203.jpg,b
test_2204.jpg,d
test_2205.jpg,b
test_2206.jpg,a
test_2207.jpg,d
test_2208.jpg,a
test_2209.jpg,d
test_2210.jpg,a
test_2211.jpg,b
test_2212.jpg,a
test_2213.jpg,b
test_2214.jpg,b
test_2215.jpg,b
test_2216.jpg,a
test_2217.jpg,d
test_2218.jpg,d
test_2219.jpg,b
test_2220.jpg,b
test_2221.jpg,a
test_2222.jpg,c
test_2223.jpg,a
test_2224.jpg,a
test_2225.jpg,c
test_2226.jpg,d
test_2227.jpg,a
test_2228.jpg,b
test_2229.jpg,c
test_2230.jpg,b
test_2231.jpg,d
test_2232.jpg,b
test_2233.jpg,b
test_2234.jpg,b
test_2235.jpg,d
test_2236.jpg,d
test_2237.jpg,d
test_2238.jpg,a
test_2239.jpg,a
test_2240.jpg,d
test_2241.jpg,a
test_2242.jpg,a
test_2243.jpg,b
test_2244.jpg,b
test_2245.jpg,d
test_2246.jpg,c
test_2247.jpg,c
test_2248.jpg,a
test_2249.jpg,c
test_2250.jpg,d
test_2251.jpg,b
test_2252.jpg,a
test_2253.jpg,c
test_2254.jpg,c
test_2255.jpg,c
test_2256.jpg,b
test_2257.jpg,a
test_2258.jpg,c
test_2259.jpg,d
test_2260.jpg,b
test_2261.jpg,a
test_2262.jpg,c
test_2263.jpg,a
test_2264.jpg,c
test_2265.jpg,d
test_2266.jpg,d
test_2267.jpg,d
test_2268.jpg,d
test_2269.jpg,d
test_2270.jpg,d
test_2271.jpg,a
test_2272.jpg,d
test_2273.jpg,a
test_2274.jpg,a
test_2275.jpg,c
test_2276.jpg,b
test_2277.jpg,a
test_2278.jpg,c
test_2279.jpg,a
test_2280.jpg,a
test_2281.jpg,a
test_2282.jpg,c
test_2283.jpg,d
test_2284.jpg,b
test_2285.jpg,c
test_2286.jpg,c
test_2287.jpg,b
test_2288.jpg,b
test_2289.jpg,c
test_2290.jpg,a
test_2291.jpg,b
test_2292.jpg,c
test_2293.jpg,c
test_2294.jpg,c
test_2295.jpg,c
test_2296.jpg,c
test_2297.jpg,b
test_2298.jpg,b
test_2299.jpg,d
test_2300.jpg,c
test_2301.jpg,b
test_2302.jpg,a
test_2303.jpg,d
test_2304.jpg,b
test_2305.jpg,b
test_2306.jpg,a
test_2307.jpg,a
test_2308.jpg,b
test_2309.jpg,d
test_2310.jpg,b
test_2311.jpg,b
test_2312.jpg,a
test_2313.jpg,a
test_2314.jpg,c
test_2315.jpg,a
test_2316.jpg,c
test_2317.jpg,d
test_2318.jpg,b
test_2319.jpg,d
test_2320.jpg,c
test_2321.jpg,b
test_2322.jpg,d
test_2323.jpg,c
test_2324.jpg,a
test_2325.jpg,d
test_2326.jpg,c
test_2327.jpg,d
test_2328.jpg,d
test_2329.jpg,d
test_2330.jpg,d
test_2331.jpg,a
test_2332.jpg,c
test_2333.jpg,b
test_2334.jpg,c
test_2335.jpg,b
test_2336.jpg,b
test_2337.jpg,b
test_2338.jpg,a
test_2339.jpg,c
test_2340.jpg,b
test_2341.jpg,a
test_2342.jpg,c
test_2343.jpg,d
test_2344.jpg,d
test_2345.jpg,a
test_2346.jpg,a
test_2347.jpg,b
test_2348.jpg,b
test_2349.jpg,d
test_2350.jpg,c
test_2351.jpg,c
test_2352.jpg,c
test_2353.jpg,c
test_2354.jpg,a
test_2355.jpg,c
test_2356.jpg,d
test_2357.jpg,d
test_2358.jpg,c
test_2359.jpg,d
test_2360.jpg,d
test_2361.jpg,d
test_2362.jpg,a
test_2363.jpg,b
test_2364.jpg,a
test_2365.jpg,c
test_2366.jpg,a
test_2367.jpg,a
test_2368.jpg,c
test_2369.jpg,d
test_2370.jpg,d
test_2371.jpg,d
test_2372.jpg,c
test_2373.jpg,b
test_2374.jpg,d
test_2375.jpg,d
test_2376.jpg,b
test_2377.jpg,d
test_2378.jpg,c
test_2379.jpg,d
test_2380.jpg,c
test_2381.jpg,d
test_2382.jpg,d
test_2383.jpg,c
test_2384.jpg,a
test_2385.jpg,c
test_2386.jpg,a
test_2387.jpg,b
test_2388.jpg,a
test_2389.jpg,d
test_2390.jpg,c
test_2391.jpg,c
test_2392.jpg,a
test_2393.jpg,a
test_2394.jpg,c
test_2395.jpg,b
test_2396.jpg,d
test_2397.jpg,b
test_2398.jpg,a
test_2399.jpg,a
test_2400.jpg,c
test_2401.jpg,d
test_2402.jpg,b
test_2403.jpg,c
test_2404.jpg,a
test_2405.jpg,a
test_2406.jpg,c
test_2407.jpg,d
test_2408.jpg,b
test_2409.jpg,b
test_2410.jpg,c
test_2411.jpg,b
test_2412.jpg,a
test_2413.jpg,b
test_2414.jpg,c
test_2415.jpg,b
test_2416.jpg,a
test_2417.jpg,a
test_2418.jpg,c
test_2419.jpg,c
test_2420.jpg,a
test_2421.jpg,a
test_2422.jpg,b
test_2423.jpg,a
test_2424.jpg,a
test_2425.jpg,d
test_2426.jpg,c
test_2427.jpg,d
test_2428.jpg,d
test_2429.jpg,d
test_2430.jpg,c
test_2431.jpg,a
test_2432.jpg,b
test_2433.jpg,c
test_2434.jpg,b
test_2435.jpg,d
test_2436.jpg,a
test_2437.jpg,d
test_2438.jpg,a
test_2439.jpg,d
test_2440.jpg,c
test_2441.jpg,b
test_2442.jpg,c
test_2443.jpg,b
test_2444.jpg,a
test_2445.jpg,d
test_2446.jpg,a
test_2447.jpg,c
test_2448.jpg,b
test_2449.jpg,b
test_2450.jpg,d
test_2451.jpg,c
test_2452.jpg,c
test_2453.jpg,d
test_2454.jpg,d
test_2455.jpg,d
test_2456.jpg,d
test_2457.jpg,d
test_2458.jpg,c
test_2459.jpg,a
test_2460.jpg,a
test_2461.jpg,b
test_2462.jpg,a
test_2463.jpg,a
test_2464.jpg,b
test_2465.jpg,a
test_2466.jpg,a
test_2467.jpg,c
test_2468.jpg,c
test_2469.jpg,a
test_2470.jpg,b
test_2471.jpg,a
test_2472.jpg,b
test_2473.jpg,a
test_2474.jpg,d
test_2475.jpg,b
test_2476.jpg,c
test_2477.jpg,b
test_2478.jpg,c
test_2479.jpg,d
test_2480.jpg,a
test_2481.jpg,c
test_2482.jpg,d
test_2483.jpg,c
test_2484.jpg,a
test_2485.jpg,b
test_2486.jpg,a
test_2487.jpg,a
test_2488.jpg,c
test_2489.jpg,b
test_2490.jpg,c
test_2491.jpg,b
test_2492.jpg,b
test_2493.jpg,c
test_2494.jpg,a
test_2495.jpg,d
test_2496.jpg,c
test_2497.jpg,c
test_2498.jpg,c
test_2499.jpg,b
test_2500.jpg,c
test_2501.jpg,d
test_2502.jpg,c
test_2503.jpg,c
test_2504.jpg,b
test_2505.jpg,c
test_2506.jpg,b
test_2507.jpg,a
test_2508.jpg,c
test_2509.jpg,d
test_2510.jpg,a
test_2511.jpg,c
test_2512.jpg,b
test_2513.jpg,d
test_2514.jpg,a
test_2515.jpg,d
test_2516.jpg,c
test_2517.jpg,a
test_2518.jpg,a
test_2519.jpg,b
test_2520.jpg,b
test_2521.jpg,b
test_2522.jpg,d
test_2523.jpg,d
test_2524.jpg,c
test_2525.jpg,d
test_2526.jpg,a
test_2527.jpg,c
test_2528.jpg,b
test_2529.jpg,c
test_2530.jpg,d
test_2531.jpg,d
test_2532.jpg,c
test_2533.jpg,d
test_2534.jpg,d
test_2535.jpg,a
test_2536.jpg,b
test_2537.jpg,a
test_2538.jpg,b
test_2539.jpg,b
test_2540.jpg,c
test_2541.jpg,d
test_2542.jpg,b
test_2543.jpg,c
test_2544.jpg,c
test_2545.jpg,a
test_2546.jpg,d
test_2547.jpg,b
test_2548.jpg,c
test_2549.jpg,a
test_2550.jpg,c
test_2551.jpg,d
test_2552.jpg,c
test_2553.jpg,b
test_2554.jpg,a
test_2555.jpg,c
test_2556.jpg,c
test_2557.jpg,c
test_2558.jpg,c
test_2559.jpg,c
test_2560.jpg,b
test_2561.jpg,c
test_2562.jpg,d
test_2563.jpg,c
test_2564.jpg,d
test_2565.jpg,a
test_2566.jpg,a
test_2567.jpg,a
test_2568.jpg,b
test_2569.jpg,b
test_2570.jpg,d
test_2571.jpg,d
test_2572.jpg,b
test_2573.jpg,a
test_2574.jpg,a
test_2575.jpg,a
test_2576.jpg,a
test_2577.jpg,c
test_2578.jpg,b
test_2579.jpg,d
test_2580.jpg,b
test_2581.jpg,c
test_2582.jpg,a
test_2583.jpg,b
test_2584.jpg,d
test_2585.jpg,c
test_2586.jpg,c
test_2587.jpg,a
test_2588.jpg,b
test_2589.jpg,b
test_2590.jpg,b
test_2591.jpg,d
test_2592.jpg,d
test_2593.jpg,b
test_2594.jpg,d
test_2595.jpg,b
test_2596.jpg,d
test_2597.jpg,b
test_2598.jpg,c
test_2599.jpg,b
test_2600.jpg,a
test_2601.jpg,c
test_2602.jpg,d
test_2603.jpg,b
test_2604.jpg,d
test_2605.jpg,d
test_2606.jpg,c
test_2607.jpg,a
test_2608.jpg,b
test_2609.jpg,c
test_2610.jpg,a
test_2611.jpg,a
test_2612.jpg,d
test_2613.jpg,c
test_2614.jpg,a
test_2615.jpg,b
test_2616.jpg,d
test_2617.jpg,a
test_2618.jpg,d
test_2619.jpg,c
test_2620.jpg,d
test_2621.jpg,d
test_2622.jpg,b
test_2623.jpg,a
test_2624.jpg,b
test_2625.jpg,c
test_2626.jpg,a
test_2627.jpg,a
test_2628.jpg,d
test_2629.jpg,c
test_2630.jpg,d
test_2631.jpg,d
test_2632.jpg,b
test_2633.jpg,a
test_2634.jpg,b
test_2635.jpg,b
test_2636.jpg,a
test_2637.jpg,b
test_2638.jpg,c
test_2639.jpg,a
test_2640.jpg,b
test_2641.jpg,c
test_2642.jpg,d
test_2643.jpg,a
test_2644.jpg,a
test_2645.jpg,d
test_2646.jpg,b
test_2647.jpg,a
test_2648.jpg,a
test_2649.jpg,d
test_2650.jpg,a
test_2651.jpg,b
test_2652.jpg,b
test_2653.jpg,a
test_2654.jpg,c
test_2655.jpg,b
test_2656.jpg,d
test_2657.jpg,d
test_2658.jpg,a
test_2659.jpg,d
test_2660.jpg,b
test_2661.jpg,d
test_2662.jpg,c
test_2663.jpg,a
test_2664.jpg,a
test_2665.jpg,a
test_2666.jpg,b
test_2667.jpg,a
test_2668.jpg,b
test_2669.jpg,a
test_2670.jpg,d
test_2671.jpg,b
test_2672.jpg,c
test_2673.jpg,a
test_2674.jpg,b
test_2675.jpg,b
test_2676.jpg,c
test_2677.jpg,c
test_2678.jpg,d
test_2679.jpg,a
test_2680.jpg,c
test_2681.jpg,b
test_2682.jpg,a
test_2683.jpg,d
test_2684.jpg,b
test_2685.jpg,d
test_2686.jpg,b
test_2687.jpg,d
test_2688.jpg,a
test_2689.jpg,a
test_2690.jpg,d
test_2691.jpg,a
test_2692.jpg,a
test_2693.jpg,d
test_2694.jpg,d
test_2695.jpg,d
test_2696.jpg,c
test_2697.jpg,d
test_2698.jpg,b
test_2699.jpg,a
test_2700.jpg,d
test_2701.jpg,a
test_2702.jpg,b
test_2703.jpg,c
test_2704.jpg,b
test_2705.jpg,a
test_2706.jpg,b
test_2707.jpg,b
test_2708.jpg,b
test_2709.jpg,d
test_2710.jpg,d
test_2711.jpg,b
test_2712.jpg,d
test_2713.jpg,a
test_2714.jpg,b
test_2715.jpg,c
test_2716.jpg,d
test_2717.jpg,a
test_2718.jpg,c
test_2719.jpg,d
test_2720.jpg,a
test_2721.jpg,a
test_2722.jpg,c
test_2723.jpg,d
test_2724.jpg,c
test_2725.jpg,c
test_2726.jpg,b
test_2727.jpg,d
test_2728.jpg,d
test_2729.jpg,d
test_2730.jpg,d
test_2731.jpg,a
test_2732.jpg,b
test_2733.jpg,b
test_2734.jpg,b
test_2735.jpg,c
test_2736.jpg,c
test_2737.jpg,d
test_2738.jpg,b
test_2739.jpg,d
test_2740.jpg,a
test_2741.jpg,c
test_2742.jpg,a
test_2743.jpg,c
test_2744.jpg,b
test_2745.jpg,a
test_2746.jpg,a
test_2747.jpg,b
test_2748.jpg,a
test_2749.jpg,c
test_2750.jpg,c
test_2751.jpg,d
test_2752.jpg,b
test_2753.jpg,a
test_2754.jpg,a
test_2755.jpg,c
test_2756.jpg,b
test_2757.jpg,d
test_2758.jpg,d
test_2759.jpg,b
test_2760.jpg,c
test_2761.jpg,b
test_2762.jpg,c
test_2763.jpg,c
test_2764.jpg,d
test_2765.jpg,c
test_2766.jpg,d
test_2767.jpg,a
test_2768.jpg,c
test_2769.jpg,d
test_2770.jpg,b
test_2771.jpg,c
test_2772.jpg,d
test_2773.jpg,c
test_2774.jpg,a
test_2775.jpg,c
test_2776.jpg,b
test_2777.jpg,c
test_2778.jpg,b
test_2779.jpg,c
test_2780.jpg,d
test_2781.jpg,a
test_2782.jpg,b
test_2783.jpg,a
test_2784.jpg,b
test_2785.jpg,d
test_2786.jpg,a
test_2787.jpg,c
test_2788.jpg,b
test_2789.jpg,d
test_2790.jpg,d
test_2791.jpg,a
test_2792.jpg,a
test_2793.jpg,a
test_2794.jpg,b
test_2795.jpg,c
test_2796.jpg,b
test_2797.jpg,d
test_2798.jpg,d
test_2799.jpg,d
test_2800.jpg,c
test_2801.jpg,a
test_2802.jpg,c
test_2803.jpg,a
test_2804.jpg,c
test_2805.jpg,b
test_2806.jpg,c
test_2807.jpg,c
test_2808.jpg,c
test_2809.jpg,d
test_2810.jpg,c
test_2811.jpg,d
test_2812.jpg,c
test_2813.jpg,a
test_2814.jpg,b
test_2815.jpg,a
test_2816.jpg,b
test_2817.jpg,b
test_2818.jpg,c
test_2819.jpg,b
test_2820.jpg,a
test_2821.jpg,c
test_2822.jpg,c
test_2823.jpg,d
test_2824.jpg,b
test_2825.jpg,b
test_2826.jpg,a
test_2827.jpg,c
test_2828.jpg,a
test_2829.jpg,a
test_2830.jpg,b
test_2831.jpg,c
test_2832.jpg,b
test_2833.jpg,a
test_2834.jpg,c
test_2835.jpg,c
test_2836.jpg,c
test_2837.jpg,b
test_2838.jpg,d
test_2839.jpg,c
test_2840.jpg,a
test_2841.jpg,b
test_2842.jpg,b
test_2843.jpg,a
test_2844.jpg,d
test_2845.jpg,b
test_2846.jpg,c
test_2847.jpg,c
test_2848.jpg,a
test_2849.jpg,d
test_2850.jpg,c
test_2851.jpg,c
test_2852.jpg,a
test_2853.jpg,d
test_2854.jpg,a
test_2855.jpg,d
test_2856.jpg,b
test_2857.jpg,b
test_2858.jpg,a
test_2859.jpg,c
test_2860.jpg,c
test_2861.jpg,d
test_2862.jpg,d
test_2863.jpg,d
test_2864.jpg,b
test_2865.jpg,c
test_2866.jpg,b
test_2867.jpg,a
test_2868.jpg,d
test_2869.jpg,a
test_2870.jpg,b
test_2871.jpg,b
test_2872.jpg,d
test_2873.jpg,d
test_2874.jpg,b
test_2875.jpg,b
test_2876.jpg,d
test_2877.jpg,a
test_2878.jpg,a
test_2879.jpg,d
test_2880.jpg,d
test_2881.jpg,c
test_2882.jpg,a
test_2883.jpg,a
test_2884.jpg,b
test_2885.jpg,c
test_2886.jpg,b
test_2887.jpg,b
test_2888.jpg,b
test_2889.jpg,b
test_2890.jpg,b
test_2891.jpg,b
test_2892.jpg,d
test_2893.jpg,b
test_2894.jpg,b
test_2895.jpg,b
test_2896.jpg,c
test_2897.jpg,a
test_2898.jpg,a
test_2899.jpg,b
test_2900.jpg,b
test_2901.jpg,b
test_2902.jpg,d
test_2903.jpg,b
test_2904.jpg,a
test_2905.jpg,b
test_2906.jpg,c
test_2907.jpg,b
test_2908.jpg,d
test_2909.jpg,d
test_2910.jpg,d
test_2911.jpg,c
test_2912.jpg,b
test_2913.jpg,b
test_2914.jpg,d
test_2915.jpg,c
test_2916.jpg,d
test_2917.jpg,c
test_2918.jpg,b
test_2919.jpg,b
test_2920.jpg,a
test_2921.jpg,c
test_2922.jpg,c
test_2923.jpg,a
test_2924.jpg,d
test_2925.jpg,c
test_2926.jpg,c
test_2927.jpg,c
test_2928.jpg,b
test_2929.jpg,b
test_2930.jpg,a
test_2931.jpg,b
test_2932.jpg,b
test_2933.jpg,a
test_2934.jpg,b
test_2935.jpg,b
test_2936.jpg,c
test_2937.jpg,c
test_2938.jpg,c
test_2939.jpg,c
test_2940.jpg,b
test_2941.jpg,d
test_2942.jpg,a
test_2943.jpg,b
test_2944.jpg,a
test_2945.jpg,a
test_2946.jpg,a
test_2947.jpg,c
test_2948.jpg,c
test_2949.jpg,b
test_2950.jpg,c
test_2951.jpg,c
test_2952.jpg,d
test_2953.jpg,a
test_2954.jpg,c
test_2955.jpg,a
test_2956.jpg,c
test_2957.jpg,a
test_2958.jpg,a
test_2959.jpg,a
test_2960.jpg,a
test_2961.jpg,d
test_2962.jpg,b
test_2963.jpg,d
test_2964.jpg,b
test_2965.jpg,a
test_2966.jpg,d
test_2967.jpg,b
test_2968.jpg,b
test_2969.jpg,b
test_2970.jpg,d
test_2971.jpg,a
test_2972.jpg,d
test_2973.jpg,b
test_2974.jpg,d
test_2975.jpg,a
test_2976.jpg,b
test_2977.jpg,b
test_2978.jpg,c
test_2979.jpg,d
test_2980.jpg,a
test_2981.jpg,b
test_2982.jpg,c
test_2983.jpg,d
test_2984.jpg,b
test_2985.jpg,a
test_2986.jpg,a
test_2987.jpg,c
test_2988.jpg,c
test_2989.jpg,b
test_2990.jpg,d
test_2991.jpg,d
test_2992.jpg,b
test_2993.jpg,b
test_2994.jpg,c
test_2995.jpg,c
test_2996.jpg,a
test_2997.jpg,b
test_2998.jpg,b
test_2999.jpg,c
test_3000.jpg,d
test_3001.jpg,a
test_3002.jpg,a
test_3003.jpg,c
test_3004.jpg,d
test_3005.jpg,c
test_3006.jpg,b
test_3007.jpg,a
test_3008.jpg,d
test_3009.jpg,d
test_3010.jpg,d
test_3011.jpg,b
test_3012.jpg,d
test_3013.jpg,d
test_3014.jpg,d
test_3015.jpg,b
test_3016.jpg,d
test_3017.jpg,c
test_3018.jpg,d
test_3019.jpg,b
test_3020.jpg,d
test_3021.jpg,b
test_3022.jpg,b
test_3023.jpg,a
test_3024.jpg,d
test_3025.jpg,d
test_3026.jpg,d
test_3027.jpg,d
test_3028.jpg,b
test_3029.jpg,b
test_3030.jpg,d
test_3031.jpg,a
test_3032.jpg,d
test_3033.jpg,b
test_3034.jpg,c
test_3035.jpg,a
test_3036.jpg,b
test_3037.jpg,b
test_3038.jpg,c
test_3039.jpg,a
test_3040.jpg,c
test_3041.jpg,b
test_3042.jpg,d
test_3043.jpg,b
test_3044.jpg,c
test_3045.jpg,b
test_3046.jpg,a
test_3047.jpg,c
test_3048.jpg,c
test_3049.jpg,a
test_3050.jpg,c
test_3051.jpg,b
test_3052.jpg,d
test_3053.jpg,b
test_3054.jpg,a
test_3055.jpg,a
test_3056.jpg,b
test_3057.jpg,c
test_3058.jpg,a
test_3059.jpg,c
test_3060.jpg,b
test_3061.jpg,d
test_3062.jpg,a
test_3063.jpg,b
test_3064.jpg,a
test_3065.jpg,b
test_3066.jpg,d
test_3067.jpg,a
test_3068.jpg,a
test_3069.jpg,b
test_3070.jpg,b
test_3071.jpg,d
test_3072.jpg,a
test_3073.jpg,a
test_3074.jpg,d
test_3075.jpg,b
test_3076.jpg,c
test_3077.jpg,c
test_3078.jpg,b
test_3079.jpg,c
test_3080.jpg,b
test_3081.jpg,b
test_3082.jpg,a
test_3083.jpg,b
test_3084.jpg,b
test_3085.jpg,b
test_3086.jpg,d
test_3087.jpg,c
test_3088.jpg,c
test_3089.jpg,a
test_3090.jpg,d
test_3091.jpg,c
test_3092.jpg,d
test_3093.jpg,c
test_3094.jpg,d
test_3095.jpg,a
test_3096.jpg,b
test_3097.jpg,a
test_3098.jpg,b
test_3099.jpg,c
test_3100.jpg,c
test_3101.jpg,d
test_3102.jpg,b
test_3103.jpg,d
test_3104.jpg,a
test_3105.jpg,d
test_3106.jpg,a
test_3107.jpg,b
test_3108.jpg,c
test_3109.jpg,c
test_3110.jpg,d
test_3111.jpg,a
test_3112.jpg,d
test_3113.jpg,a
test_3114.jpg,c
test_3115.jpg,d
test_3116.jpg,b
test_3117.jpg,d
test_3118.jpg,a
test_3119.jpg,b
test_3120.jpg,a
test_3121.jpg,a
test_3122.jpg,a
test_3123.jpg,d
test_3124.jpg,c
test_3125.jpg,c
test_3126.jpg,c
test_3127.jpg,d
test_3128.jpg,b
test_3129.jpg,c
test_3130.jpg,a
test_3131.jpg,d
test_3132.jpg,c
test_3133.jpg,b
test_3134.jpg,d
test_3135.jpg,b
test_3136.jpg,d
test_3137.jpg,b
test_3138.jpg,c
test_3139.jpg,b
test_3140.jpg,b
test_3141.jpg,a
test_3142.jpg,c
test_3143.jpg,a
test_3144.jpg,d
test_3145.jpg,b
test_3146.jpg,d
test_3147.jpg,d
test_3148.jpg,b
test_3149.jpg,b
test_3150.jpg,c
test_3151.jpg,b
test_3152.jpg,b
test_3153.jpg,c
test_3154.jpg,d
test_3155.jpg,b
test_3156.jpg,b
test_3157.jpg,c
test_3158.jpg,b
test_3159.jpg,a
test_3160.jpg,c
test_3161.jpg,a
test_3162.jpg,b
test_3163.jpg,d
test_3164.jpg,a
test_3165.jpg,a
test_3166.jpg,d
test_3167.jpg,c
test_3168.jpg,d
test_3169.jpg,a
test_3170.jpg,b
test_3171.jpg,d
test_3172.jpg,a
test_3173.jpg,b
test_3174.jpg,a
test_3175.jpg,a
test_3176.jpg,a
test_3177.jpg,b
test_3178.jpg,d
test_3179.jpg,d
test_3180.jpg,a
test_3181.jpg,a
test_3182.jpg,a
test_3183.jpg,a
test_3184.jpg,a
test_3185.jpg,b
test_3186.jpg,c
test_3187.jpg,a
test_3188.jpg,a
test_3189.jpg,b
test_3190.jpg,d
test_3191.jpg,b
test_3192.jpg,a
test_3193.jpg,a
test_3194.jpg,d
test_3195.jpg,c
test_3196.jpg,d
test_3197.jpg,b
test_3198.jpg,a
test_3199.jpg,c
test_3200.jpg,c
test_3201.jpg,d
test_3202.jpg,c
test_3203.jpg,c
test_3204.jpg,d
test_3205.jpg,a
test_3206.jpg,d
test_3207.jpg,a
test_3208.jpg,b
test_3209.jpg,c
test_3210.jpg,c
test_3211.jpg,d
test_3212.jpg,c
test_3213.jpg,a
test_3214.jpg,d
test_3215.jpg,a
test_3216.jpg,c
test_3217.jpg,d
test_3218.jpg,d
test_3219.jpg,c
test_3220.jpg,c
test_3221.jpg,b
test_3222.jpg,a
test_3223.jpg,c
test_3224.jpg,a
test_3225.jpg,b
test_3226.jpg,c
test_3227.jpg,b
test_3228.jpg,b
test_3229.jpg,c
test_3230.jpg,b
test_3231.jpg,d
test_3232.jpg,c
test_3233.jpg,b
test_3234.jpg,a
test_3235.jpg,a
test_3236.jpg,d
test_3237.jpg,a
test_3238.jpg,c
test_3239.jpg,c
test_3240.jpg,d
test_3241.jpg,c
test_3242.jpg,b
test_3243.jpg,a
test_3244.jpg,b
test_3245.jpg,a
test_3246.jpg,b
test_3247.jpg,b
test_3248.jpg,c
test_3249.jpg,d
test_3250.jpg,d
test_3251.jpg,d
test_3252.jpg,a
test_3253.jpg,c
test_3254.jpg,d
test_3255.jpg,d
test_3256.jpg,c
test_3257.jpg,b
test_3258.jpg,a
test_3259.jpg,c
test_3260.jpg,b
test_3261.jpg,a
test_3262.jpg,a
test_3263.jpg,a
test_3264.jpg,d
test_3265.jpg,a
test_3266.jpg,c
test_3267.jpg,a
test_3268.jpg,a
test_3269.jpg,d
test_3270.jpg,b
test_3271.jpg,a
test_3272.jpg,c
test_3273.jpg,a
test_3274.jpg,b
test_3275.jpg,b
test_3276.jpg,a
test_3277.jpg,c
test_3278.jpg,c
test_3279.jpg,a
test_3280.jpg,c
test_3281.jpg,a
test_3282.jpg,a
test_3283.jpg,c
test_3284.jpg,d
test_3285.jpg,c
test_3286.jpg,b
test_3287.jpg,b
test_3288.jpg,d
test_3289.jpg,a
test_3290.jpg,c
test_3291.jpg,a
test_3292.jpg,a
test_3293.jpg,a
test_3294.jpg,d
test_3295.jpg,d
test_3296.jpg,d
test_3297.jpg,d
test_3298.jpg,c
test_3299.jpg,a
test_3300.jpg,d
test_3301.jpg,b
test_3302.jpg,d
test_3303.jpg,a
test_3304.jpg,c
test_3305.jpg,c
test_3306.jpg,a
test_3307.jpg,d
test_3308.jpg,a
test_3309.jpg,c
test_3310.jpg,d
test_3311.jpg,b
test_3312.jpg,c
test_3313.jpg,a
test_3314.jpg,d
test_3315.jpg,c
test_3316.jpg,d
test_3317.jpg,c
test_3318.jpg,a
test_3319.jpg,d
test_3320.jpg,a
test_3321.jpg,c
test_3322.jpg,c
test_3323.jpg,a
test_3324.jpg,c
test_3325.jpg,c
test_3326.jpg,b
test_3327.jpg,a
test_3328.jpg,c
test_3329.jpg,c
test_3330.jpg,c
test_3331.jpg,d
test_3332.jpg,a
test_3333.jpg,c
test_3334.jpg,d
test_3335.jpg,b
test_3336.jpg,c
test_3337.jpg,b
test_3338.jpg,c
test_3339.jpg,a
test_3340.jpg,c
test_3341.jpg,a
test_3342.jpg,b
test_3343.jpg,d
test_3344.jpg,a
test_3345.jpg,c
test_3346.jpg,d
test_3347.jpg,d
test_3348.jpg,d
test_3349.jpg,c
test_3350.jpg,a
test_3351.jpg,c
test_3352.jpg,a
test_3353.jpg,b
test_3354.jpg,a
test_3355.jpg,d
test_3356.jpg,d
test_3357.jpg,a
test_3358.jpg,c
test_3359.jpg,a
test_3360.jpg,b
test_3361.jpg,c
test_3362.jpg,b
test_3363.jpg,a
test_3364.jpg,b
test_3365.jpg,b
test_3366.jpg,c
test_3367.jpg,d
test_3368.jpg,d
test_3369.jpg,d
test_3370.jpg,d
test_3371.jpg,a
test_3372.jpg,b
test_3373.jpg,b
test_3374.jpg,a
test_3375.jpg,d
test_3376.jpg,c
test_3377.jpg,b
test_3378.jpg,b
test_3379.jpg,b
test_3380.jpg,c
test_3381.jpg,a
test_3382.jpg,c
test_3383.jpg,a
test_3384.jpg,d
test_3385.jpg,d
test_3386.jpg,c
test_3387.jpg,b
test_3388.jpg,a
test_3389.jpg,c
test_3390.jpg,a
test_3391.jpg,a
test_3392.jpg,b
test_3393.jpg,b
test_3394.jpg,c
test_3395.jpg,b
test_3396.jpg,d
test_3397.jpg,b
test_3398.jpg,b
test_3399.jpg,c
test_3400.jpg,c
test_3401.jpg,b
test_3402.jpg,b
test_3403.jpg,a
test_3404.jpg,b
test_3405.jpg,d
test_3406.jpg,c
test_3407.jpg,d
test_3408.jpg,c
test_3409.jpg,d
test_3410.jpg,d
test_3411.jpg,a
test_3412.jpg,c
test_3413.jpg,b
test_3414.jpg,d
test_3415.jpg,c
test_3416.jpg,a
test_3417.jpg,a
test_3418.jpg,c
test_3419.jpg,c
test_3420.jpg,c
test_3421.jpg,d
test_3422.jpg,a
test_3423.jpg,c
test_3424.jpg,a
test_3425.jpg,b
test_3426.jpg,b
test_3427.jpg,c
test_3428.jpg,d
test_3429.jpg,a
test_3430.jpg,a
test_3431.jpg,b
test_3432.jpg,c
test_3433.jpg,a
test_3434.jpg,b
test_3435.jpg,c
test_3436.jpg,c
test_3437.jpg,b
test_3438.jpg,a
test_3439.jpg,b
test_3440.jpg,a
test_3441.jpg,c
test_3442.jpg,c
test_3443.jpg,b
test_3444.jpg,b
test_3445.jpg,a
test_3446.jpg,d
test_3447.jpg,b
test_3448.jpg,b
test_3449.jpg,a
test_3450.jpg,d
test_3451.jpg,c
test_3452.jpg,a
test_3453.jpg,d
test_3454.jpg,b
test_3455.jpg,a
test_3456.jpg,b
test_3457.jpg,b
test_3458.jpg,a
test_3459.jpg,d
test_3460.jpg,b
test_3461.jpg,d
test_3462.jpg,b
test_3463.jpg,c
test_3464.jpg,b
test_3465.jpg,b
test_3466.jpg,c
test_3467.jpg,a
test_3468.jpg,a
test_3469.jpg,c
test_3470.jpg,a
test_3471.jpg,b
test_3472.jpg,d
test_3473.jpg,b
test_3474.jpg,c
test_3475.jpg,b
test_3476.jpg,c
test_3477.jpg,c
test_3478.jpg,d
test_3479.jpg,b
test_3480.jpg,a
test_3481.jpg,c
test_3482.jpg,d
test_3483.jpg,d
test_3484.jpg,b
test_3485.jpg,d
test_3486.jpg,c
test_3487.jpg,b
test_3488.jpg,a
test_3489.jpg,a
test_3490.jpg,b
test_3491.jpg,a
test_3492.jpg,d
test_3493.jpg,b
test_3494.jpg,a
test_3495.jpg,a
test_3496.jpg,c
test_3497.jpg,d
test_3498.jpg,d
test_3499.jpg,c
test_3500.jpg,b
test_3501.jpg,a
test_3502.jpg,d
test_3503.jpg,b
test_3504.jpg,b
test_3505.jpg,d
test_3506.jpg,c
test_3507.jpg,c
test_3508.jpg,a
test_3509.jpg,a
test_3510.jpg,a
test_3511.jpg,d
test_3512.jpg,b
test_3513.jpg,b
test_3514.jpg,b
test_3515.jpg,c
test_3516.jpg,b
test_3517.jpg,c
test_3518.jpg,c
test_3519.jpg,a
test_3520.jpg,a
test_3521.jpg,a
test_3522.jpg,c
test_3523.jpg,b
test_3524.jpg,a
test_3525.jpg,c
test_3526.jpg,d
test_3527.jpg,d
test_3528.jpg,b
test_3529.jpg,d
test_3530.jpg,a
test_3531.jpg,c
test_3532.jpg,b
test_3533.jpg,a
test_3534.jpg,c
test_3535.jpg,c
test_3536.jpg,a
test_3537.jpg,a
test_3538.jpg,a
test_3539.jpg,b
test_3540.jpg,b
test_3541.jpg,c
test_3542.jpg,b
test_3543.jpg,c
test_3544.jpg,c
test_3545.jpg,d
test_3546.jpg,b
test_3547.jpg,d
test_3548.jpg,a
test_3549.jpg,d
test_3550.jpg,a
test_3551.jpg,a
test_3552.jpg,c
test_3553.jpg,a
test_3554.jpg,b
test_3555.jpg,d
test_3556.jpg,a
test_3557.jpg,d
test_3558.jpg,a
test_3559.jpg,b
test_3560.jpg,b
test_3561.jpg,c
test_3562.jpg,d
test_3563.jpg,b
test_3564.jpg,d
test_3565.jpg,d
test_3566.jpg,d
test_3567.jpg,d
test_3568.jpg,a
test_3569.jpg,b
test_3570.jpg,d
test_3571.jpg,b
test_3572.jpg,b
test_3573.jpg,d
test_3574.jpg,c
test_3575.jpg,b
test_3576.jpg,a
test_3577.jpg,b
test_3578.jpg,a
test_3579.jpg,a
test_3580.jpg,b
test_3581.jpg,c
test_3582.jpg,d
test_3583.jpg,d
test_3584.jpg,a
test_3585.jpg,b
test_3586.jpg,d
test_3587.jpg,b
test_3588.jpg,c
test_3589.jpg,b
test_3590.jpg,a
test_3591.jpg,b
test_3592.jpg,c
test_3593.jpg,b
test_3594.jpg,b
test_3595.jpg,b
test_3596.jpg,b
test_3597.jpg,c
test_3598.jpg,c
test_3599.jpg,d
test_3600.jpg,b
test_3601.jpg,c
test_3602.jpg,d
test_3603.jpg,a
test_3604.jpg,d
test_3605.jpg,d
test_3606.jpg,d
test_3607.jpg,b
test_3608.jpg,c
test_3609.jpg,b
test_3610.jpg,a
test_3611.jpg,b
test_3612.jpg,d
test_3613.jpg,d
test_3614.jpg,c
test_3615.jpg,d
test_3616.jpg,d
test_3617.jpg,b
test_3618.jpg,b
test_3619.jpg,a
test_3620.jpg,d
test_3621.jpg,b
test_3622.jpg,c
test_3623.jpg,b
test_3624.jpg,d
test_3625.jpg,c
test_3626.jpg,b
test_3627.jpg,c
test_3628.jpg,c
test_3629.jpg,b
test_3630.jpg,a
test_3631.jpg,b
test_3632.jpg,a
test_3633.jpg,d
test_3634.jpg,a
test_3635.jpg,c
test_3636.jpg,c
test_3637.jpg,a
test_3638.jpg,b
test_3639.jpg,a
test_3640.jpg,c
test_3641.jpg,a
test_3642.jpg,c
test_3643.jpg,b
test_3644.jpg,a
test_3645.jpg,a
test_3646.jpg,d
test_3647.jpg,a
test_3648.jpg,c
test_3649.jpg,d
test_3650.jpg,b
test_3651.jpg,a
test_3652.jpg,a
test_3653.jpg,d
test_3654.jpg,c
test_3655.jpg,c
test_3656.jpg,c
test_3657.jpg,b
test_3658.jpg,d
test_3659.jpg,a
test_3660.jpg,c
test_3661.jpg,a
test_3662.jpg,b
test_3663.jpg,c
test_3664.jpg,a
test_3665.jpg,a
test_3666.jpg,a
test_3667.jpg,d
test_3668.jpg,b
test_3669.jpg,b
test_3670.jpg,a
test_3671.jpg,d
test_3672.jpg,d
test_3673.jpg,d
test_3674.jpg,b
test_3675.jpg,b
test_3676.jpg,c
test_3677.jpg,b
test_3678.jpg,c
test_3679.jpg,b
test_3680.jpg,b
test_3681.jpg,a
test_3682.jpg,b
test_3683.jpg,c
test_3684.jpg,c
test_3685.jpg,b
test_3686.jpg,b
test_3687.jpg,d
test_3688.jpg,a
test_3689.jpg,d
test_3690.jpg,a
test_3691.jpg,b
test_3692.jpg,d
test_3693.jpg,d
test_3694.jpg,c
test_3695.jpg,d
test_3696.jpg,a
test_3697.jpg,d
test_3698.jpg,d
test_3699.jpg,d
test_3700.jpg,c
test_3701.jpg,b
test_3702.jpg,c
test_3703.jpg,b
test_3704.jpg,b
test_3705.jpg,c
test_3706.jpg,a
test_3707.jpg,c
test_3708.jpg,a
test_3709.jpg,c
test_3710.jpg,d
test_3711.jpg,a
test_3712.jpg,b
test_3713.jpg,a
test_3714.jpg,c
test_3715.jpg,b
test_3716.jpg,b
test_3717.jpg,b
test_3718.jpg,a
test_3719.jpg,d
test_3720.jpg,d
test_3721.jpg,b
test_3722.jpg,a
test_3723.jpg,d
test_3724.jpg,c
test_3725.jpg,c
test_3726.jpg,a
test_3727.jpg,d
test_3728.jpg,a
test_3729.jpg,a
test_3730.jpg,b
test_3731.jpg,d
test_3732.jpg,b
test_3733.jpg,a
test_3734.jpg,d
test_3735.jpg,d
test_3736.jpg,a
test_3737.jpg,b
test_3738.jpg,a
test_3739.jpg,d
test_3740.jpg,a
test_3741.jpg,c
test_3742.jpg,c
test_3743.jpg,a
test_3744.jpg,b
test_3745.jpg,c
test_3746.jpg,b
test_3747.jpg,a
test_3748.jpg,d
test_3749.jpg,a
test_3750.jpg,c
test_3751.jpg,d
test_3752.jpg,a
test_3753.jpg,c
test_3754.jpg,a
test_3755.jpg,d
test_3756.jpg,d
test_3757.jpg,a
test_3758.jpg,c
test_3759.jpg,c
test_3760.jpg,d
test_3761.jpg,c
test_3762.jpg,a
test_3763.jpg,c
test_3764.jpg,b
test_3765.jpg,a
test_3766.jpg,c
test_3767.jpg,a
test_3768.jpg,b
test_3769.jpg,a
test_3770.jpg,c
test_3771.jpg,a
test_3772.jpg,b
test_3773.jpg,c
test_3774.jpg,b
test_3775.jpg,b
test_3776.jpg,a
test_3777.jpg,b
test_3778.jpg,c
test_3779.jpg,a
test_3780.jpg,d
test_3781.jpg,d
test_3782.jpg,b
test_3783.jpg,b
test_3784.jpg,c
test_3785.jpg,a
test_3786.jpg,a
test_3787.jpg,d
test_3788.jpg,a
test_3789.jpg,c
test_3790.jpg,b
test_3791.jpg,d
test_3792.jpg,b
test_3793.jpg,d
test_3794.jpg,d
test_3795.jpg,b
test_3796.jpg,a
test_3797.jpg,a
test_3798.jpg,c
test_3799.jpg,c
test_3800.jpg,d
test_3801.jpg,a
test_3802.jpg,c
test_3803.jpg,b
test_3804.jpg,b
test_3805.jpg,c
test_3806.jpg,a
test_3807.jpg,d
test_3808.jpg,b
test_3809.jpg,b
test_3810.jpg,c
test_3811.jpg,d
test_3812.jpg,c
test_3813.jpg,b
test_3814.jpg,d
test_3815.jpg,b
test_3816.jpg,c
test_3817.jpg,d
test_3818.jpg,d
test_3819.jpg,b
test_3820.jpg,d
test_3821.jpg,c
test_3822.jpg,d
test_3823.jpg,c
test_3824.jpg,a
test_3825.jpg,a
test_3826.jpg,d
test_3827.jpg,d
test_3828.jpg,b
test_3829.jpg,a
test_3830.jpg,d
test_3831.jpg,a
test_3832.jpg,c
test_3833.jpg,b
test_3834.jpg,c
test_3835.jpg,d
test_3836.jpg,b
test_3837.jpg,c
test_3838.jpg,d
test_3839.jpg,a
test_3840.jpg,c
test_3841.jpg,c
test_3842.jpg,a
test_3843.jpg,c
test_3844.jpg,a
test_3845.jpg,b
test_3846.jpg,d
test_3847.jpg,d
test_3848.jpg,c
test_3849.jpg,c
test_3850.jpg,a
test_3851.jpg,d
test_3852.jpg,c
test_3853.jpg,d
test_3854.jpg,d
test_3855.jpg,b
test_3856.jpg,b
test_3857.jpg,d
test_3858.jpg,c
test_3859.jpg,d
test_3860.jpg,d
test_3861.jpg,b
test_3862.jpg,a
test_3863.jpg,a
test_3864.jpg,b
test_3865.jpg,c
test_3866.jpg,d
test_3867.jpg,b
test_3868.jpg,d
test_3869.jpg,c
test_3870.jpg,d
test_3871.jpg,c
test_3872.jpg,c
test_3873.jpg,d
test_3874.jpg,c
test_3875.jpg,c
test_3876.jpg,c
test_3877.jpg,d
test_3878.jpg,c
test_3879.jpg,d
test_3880.jpg,b
test_3881.jpg,a
test_3882.jpg,d
test_3883.jpg,c
test_3884.jpg,b
test_3885.jpg,c
test_3886.jpg,b
test_3887.jpg,a
test_3888.jpg,a
test_3889.jpg,c
test_3890.jpg,b
test_3891.jpg,d
test_3892.jpg,b
test_3893.jpg,d
test_3894.jpg,a
test_3895.jpg,d
test_3896.jpg,c
test_3897.jpg,b
test_3898.jpg,b
test_3899.jpg,c
test_3900.jpg,b
test_3901.jpg,a
test_3902.jpg,a
test_3903.jpg,d
test_3904.jpg,c
test_3905.jpg,d
test_3906.jpg,d
test_3907.jpg,b
test_3908.jpg,b
test_3909.jpg,b
test_3910.jpg,a
test_3911.jpg,c
test_3912.jpg,c
test_3913.jpg,c
test_3914.jpg,d
test_3915.jpg,c
test_3916.jpg,a
test_3917.jpg,c
test_3918.jpg,c
test_3919.jpg,c
test_3920.jpg,d
test_3921.jpg,d
test_3922.jpg,d
test_3923.jpg,d
test_3924.jpg,a
test_3925.jpg,a
test_3926.jpg,c
test_3927.jpg,c
test_3928.jpg,c
test_3929.jpg,a
test_3930.jpg,a
test_3931.jpg,d
test_3932.jpg,b
test_3933.jpg,a
test_3934.jpg,d
test_3935.jpg,c
test_3936.jpg,a
test_3937.jpg,a
test_3938.jpg,c
test_3939.jpg,c
test_3940.jpg,b
test_3941.jpg,c
test_3942.jpg,a
test_3943.jpg,d
test_3944.jpg,a
test_3945.jpg,d
test_3946.jpg,c
test_3947.jpg,a
test_3948.jpg,c
test_3949.jpg,b
test_3950.jpg,b
test_3951.jpg,b
test_3952.jpg,b
test_3953.jpg,b
test_3954.jpg,b
test_3955.jpg,b
test_3956.jpg,d
test_3957.jpg,a
test_3958.jpg,d
test_3959.jpg,c
test_3960.jpg,d
test_3961.jpg,c
test_3962.jpg,d
test_3963.jpg,b
test_3964.jpg,b
test_3965.jpg,a
test_3966.jpg,b
test_3967.jpg,b
test_3968.jpg,d
test_3969.jpg,d
test_3970.jpg,d
test_3971.jpg,a
test_3972.jpg,d
test_3973.jpg,a
test_3974.jpg,a
test_3975.jpg,c
test_3976.jpg,a
test_3977.jpg,b
test_3978.jpg,a
test_3979.jpg,a
test_3980.jpg,c
test_3981.jpg,b
test_3982.jpg,a
test_3983.jpg,c
test_3984.jpg,d
test_3985.jpg,c
test_3986.jpg,d
test_3987.jpg,c
test_3988.jpg,a
test_3989.jpg,a
test_3990.jpg,a
test_3991.jpg,b
test_3992.jpg,b
test_3993.jpg,c
test_3994.jpg,b
test_3995.jpg,d
test_3996.jpg,c
test_3997.jpg,c
test_3998.jpg,c
test_3999.jpg,b
test_4000.jpg,c
test_4001.jpg,c
test_4002.jpg,c
test_4003.jpg,d
test_4004.jpg,b
test_4005.jpg,b
test_4006.jpg,d
test_4007.jpg,a
test_4008.jpg,c
test_4009.jpg,b
test_4010.jpg,d
test_4011.jpg,d
test_4012.jpg,a
test_4013.jpg,d
test_4014.jpg,a
test_4015.jpg,a
test_4016.jpg,a
test_4017.jpg,c
test_4018.jpg,b
test_4019.jpg,b
test_4020.jpg,a
test_4021.jpg,d
test_4022.jpg,d
test_4023.jpg,d
test_4024.jpg,c
test_4025.jpg,a
test_4026.jpg,d
test_4027.jpg,c
test_4028.jpg,c
test_4029.jpg,d
test_4030.jpg,c
test_4031.jpg,d
test_4032.jpg,c
test_4033.jpg,b
test_4034.jpg,c
test_4035.jpg,d
test_4036.jpg,b
test_4037.jpg,c
test_4038.jpg,a
test_4039.jpg,d
test_4040.jpg,d
test_4041.jpg,c
test_4042.jpg,a
test_4043.jpg,c
test_4044.jpg,c
test_4045.jpg,d
test_4046.jpg,b
test_4047.jpg,b
test_4048.jpg,b
test_4049.jpg,c
test_4050.jpg,a
test_4051.jpg,c
test_4052.jpg,b
test_4053.jpg,a
test_4054.jpg,c
test_4055.jpg,a
test_4056.jpg,a
test_4057.jpg,d
test_4058.jpg,d
test_4059.jpg,a
test_4060.jpg,d
test_4061.jpg,d
test_4062.jpg,d
test_4063.jpg,c
test_4064.jpg,c
test_4065.jpg,c
test_4066.jpg,a
test_4067.jpg,a
test_4068.jpg,a
test_4069.jpg,d
test_4070.jpg,c
test_4071.jpg,b
test_4072.jpg,a
test_4073.jpg,b
test_4074.jpg,b
test_4075.jpg,b
test_4076.jpg,d
test_4077.jpg,a
test_4078.jpg,d
test_4079.jpg,a
test_4080.jpg,c
test_4081.jpg,d
test_4082.jpg,b
test_4083.jpg,d
test_4084.jpg,a
test_4085.jpg,d
test_4086.jpg,c
test_4087.jpg,c
test_4088.jpg,b
test_4089.jpg,c
test_4090.jpg,b
test_4091.jpg,b
test_4092.jpg,a
test_4093.jpg,b
test_4094.jpg,c
test_4095.jpg,a
test_4096.jpg,b
test_4097.jpg,a
test_4098.jpg,a
test_4099.jpg,a
test_4100.jpg,d
test_4101.jpg,c
test_4102.jpg,b
test_4103.jpg,d
test_4104.jpg,b
test_4105.jpg,a
test_4106.jpg,d
test_4107.jpg,a
test_4108.jpg,c
test_4109.jpg,b
test_4110.jpg,d
test_4111.jpg,a
test_4112.jpg,c
test_4113.jpg,d
test_4114.jpg,a
test_4115.jpg,d
test_4116.jpg,a
test_4117.jpg,b
test_4118.jpg,a
test_4119.jpg,c
test_4120.jpg,d
test_4121.jpg,b
test_4122.jpg,a
test_4123.jpg,d
test_4124.jpg,c
test_4125.jpg,b
test_4126.jpg,d
test_4127.jpg,a
test_4128.jpg,c
test_4129.jpg,d
test_4130.jpg,d
test_4131.jpg,d
test_4132.jpg,c
test_4133.jpg,c
test_4134.jpg,b
test_4135.jpg,a
test_4136.jpg,b
test_4137.jpg,a
test_4138.jpg,c
test_4139.jpg,b
test_4140.jpg,d
test_4141.jpg,b
test_4142.jpg,a
test_4143.jpg,a
test_4144.jpg,b
test_4145.jpg,d
test_4146.jpg,a
test_4147.jpg,b
test_4148.jpg,d
test_4149.jpg,a
test_4150.jpg,b
test_4151.jpg,d
test_4152.jpg,b
test_4153.jpg,a
test_4154.jpg,b
test_4155.jpg,b
test_4156.jpg,b
test_4157.jpg,b
test_4158.jpg,c
test_4159.jpg,a
test_4160.jpg,a
test_4161.jpg,c
test_4162.jpg,b
test_4163.jpg,c
test_4164.jpg,c
test_4165.jpg,c
test_4166.jpg,d
test_4167.jpg,d
test_4168.jpg,d
test_4169.jpg,b
test_4170.jpg,c
test_4171.jpg,b
test_4172.jpg,d
test_4173.jpg,c
test_4174.jpg,a
test_4175.jpg,b
test_4176.jpg,d
test_4177.jpg,a
test_4178.jpg,c
test_4179.jpg,c
test_4180.jpg,c
test_4181.jpg,c
test_4182.jpg,c
test_4183.jpg,d
test_4184.jpg,b
test_4185.jpg,b
test_4186.jpg,d
test_4187.jpg,b
test_4188.jpg,c
test_4189.jpg,c
test_4190.jpg,c
test_4191.jpg,c
test_4192.jpg,a
test_4193.jpg,b
test_4194.jpg,d
test_4195.jpg,c
test_4196.jpg,c
test_4197.jpg,b
test_4198.jpg,a
test_4199.jpg,c
test_4200.jpg,a
test_4201.jpg,a
test_4202.jpg,c
test_4203.jpg,d
test_4204.jpg,c
test_4205.jpg,a
test_4206.jpg,b
test_4207.jpg,b
test_4208.jpg,d
test_4209.jpg,c
test_4210.jpg,a
test_4211.jpg,d
test_4212.jpg,c
test_4213.jpg,c
test_4214.jpg,c
test_4215.jpg,c
test_4216.jpg,d
test_4217.jpg,c
test_4218.jpg,a
test_4219.jpg,b
test_4220.jpg,d
test_4221.jpg,c
test_4222.jpg,d
test_4223.jpg,b
test_4224.jpg,d
test_4225.jpg,c
test_4226.jpg,b
test_4227.jpg,d
test_4228.jpg,b
test_4229.jpg,c
test_4230.jpg,b
test_4231.jpg,c
test_4232.jpg,d
test_4233.jpg,b
test_4234.jpg,c
test_4235.jpg,c
test_4236.jpg,d
test_4237.jpg,c
test_4238.jpg,d
test_4239.jpg,b
test_4240.jpg,d
test_4241.jpg,c
test_4242.jpg,a
test_4243.jpg,b
test_4244.jpg,d
test_4245.jpg,a
test_4246.jpg,c
test_4247.jpg,c
test_4248.jpg,c
test_4249.jpg,c
test_4250.jpg,c
test_4251.jpg,c
test_4252.jpg,a
test_4253.jpg,b
test_4254.jpg,a
test_4255.jpg,c
test_4256.jpg,a
test_4257.jpg,b
test_4258.jpg,d
test_4259.jpg,c
test_4260.jpg,b
test_4261.jpg,c
test_4262.jpg,a
test_4263.jpg,a
test_4264.jpg,b
test_4265.jpg,b
test_4266.jpg,c
test_4267.jpg,b
test_4268.jpg,a
test_4269.jpg,b
test_4270.jpg,d
test_4271.jpg,a
test_4272.jpg,b
test_4273.jpg,a
test_4274.jpg,b
test_4275.jpg,c
test_4276.jpg,b
test_4277.jpg,c
test_4278.jpg,d
test_4279.jpg,d
test_4280.jpg,c
test_4281.jpg,a
test_4282.jpg,b
test_4283.jpg,d
test_4284.jpg,b
test_4285.jpg,b
test_4286.jpg,a
test_4287.jpg,a
test_4288.jpg,a
test_4289.jpg,a
test_4290.jpg,c
test_4291.jpg,b
test_4292.jpg,a
test_4293.jpg,d
test_4294.jpg,b
test_4295.jpg,d
test_4296.jpg,a
test_4297.jpg,a
test_4298.jpg,b
test_4299.jpg,c
test_4300.jpg,d
test_4301.jpg,d
test_4302.jpg,b
test_4303.jpg,a
test_4304.jpg,d
test_4305.jpg,d
test_4306.jpg,c
test_4307.jpg,d
test_4308.jpg,d
test_4309.jpg,d
test_4310.jpg,b
test_4311.jpg,d
test_4312.jpg,d
test_4313.jpg,d
test_4314.jpg,c
test_4315.jpg,d
test_4316.jpg,d
test_4317.jpg,b
test_4318.jpg,a
test_4319.jpg,c
test_4320.jpg,a
test_4321.jpg,d
test_4322.jpg,a
test_4323.jpg,d
test_4324.jpg,b
test_4325.jpg,d
test_4326.jpg,a
test_4327.jpg,c
test_4328.jpg,b
test_4329.jpg,a
test_4330.jpg,c
test_4331.jpg,a
test_4332.jpg,c
test_4333.jpg,b
test_4334.jpg,a
test_4335.jpg,d
test_4336.jpg,a
test_4337.jpg,c
test_4338.jpg,c
test_4339.jpg,c
test_4340.jpg,d
test_4341.jpg,a
test_4342.jpg,a
test_4343.jpg,d
test_4344.jpg,a
test_4345.jpg,d
test_4346.jpg,c
test_4347.jpg,d
test_4348.jpg,d
test_4349.jpg,a
test_4350.jpg,a
test_4351.jpg,c
test_4352.jpg,b
test_4353.jpg,b
test_4354.jpg,a
test_4355.jpg,c
test_4356.jpg,c
test_4357.jpg,b
test_4358.jpg,d
test_4359.jpg,a
test_4360.jpg,b
test_4361.jpg,d
test_4362.jpg,b
test_4363.jpg,d
test_4364.jpg,b
test_4365.jpg,a
test_4366.jpg,a
test_4367.jpg,c
test_4368.jpg,c
test_4369.jpg,b
test_4370.jpg,d
test_4371.jpg,a
test_4372.jpg,b
test_4373.jpg,a
test_4374.jpg,d
test_4375.jpg,d
test_4376.jpg,d
test_4377.jpg,d
test_4378.jpg,a
test_4379.jpg,a
test_4380.jpg,c
test_4381.jpg,c
test_4382.jpg,a
test_4383.jpg,a
test_4384.jpg,c
test_4385.jpg,a
test_4386.jpg,d
test_4387.jpg,a
test_4388.jpg,a
test_4389.jpg,c
test_4390.jpg,c
test_4391.jpg,c
test_4392.jpg,a
test_4393.jpg,b
test_4394.jpg,b
test_4395.jpg,b
test_4396.jpg,a
test_4397.jpg,a
test_4398.jpg,a
test_4399.jpg,a
test_4400.jpg,a
test_4401.jpg,c
test_4402.jpg,b
test_4403.jpg,c
test_4404.jpg,b
test_4405.jpg,d
test_4406.jpg,b
test_4407.jpg,d
test_4408.jpg,c
test_4409.jpg,b
test_4410.jpg,a
test_4411.jpg,d
test_4412.jpg,a
test_4413.jpg,b
test_4414.jpg,c
test_4415.jpg,c
test_4416.jpg,c
test_4417.jpg,c
test_4418.jpg,c
test_4419.jpg,d
test_4420.jpg,d
test_4421.jpg,c
test_4422.jpg,d
test_4423.jpg,d
test_4424.jpg,d
test_4425.jpg,a
test_4426.jpg,d
test_4427.jpg,a
test_4428.jpg,b
test_4429.jpg,d
test_4430.jpg,d
test_4431.jpg,b
test_4432.jpg,b
test_4433.jpg,a
test_4434.jpg,c
test_4435.jpg,d
test_4436.jpg,d
test_4437.jpg,c
test_4438.jpg,a
test_4439.jpg,b
test_4440.jpg,a
test_4441.jpg,c
test_4442.jpg,b
test_4443.jpg,c
test_4444.jpg,b
test_4445.jpg,c
test_4446.jpg,a
test_4447.jpg,b
test_4448.jpg,d
test_4449.jpg,a
test_4450.jpg,c
test_4451.jpg,a
test_4452.jpg,d
test_4453.jpg,d
test_4454.jpg,a
test_4455.jpg,b
test_4456.jpg,d
test_4457.jpg,d
test_4458.jpg,a
test_4459.jpg,a
test_4460.jpg,c
test_4461.jpg,d
test_4462.jpg,d
test_4463.jpg,c
test_4464.jpg,d
test_4465.jpg,c
test_4466.jpg,a
test_4467.jpg,d
test_4468.jpg,d
test_4469.jpg,a
test_4470.jpg,a
test_4471.jpg,b
test_4472.jpg,b
test_4473.jpg,d
test_4474.jpg,d
test_4475.jpg,c
test_4476.jpg,c
test_4477.jpg,c
test_4478.jpg,b
test_4479.jpg,a
test_4480.jpg,c
test_4481.jpg,b
test_4482.jpg,c
test_4483.jpg,c
test_4484.jpg,a
test_4485.jpg,a
test_4486.jpg,c
test_4487.jpg,a
test_4488.jpg,a
test_4489.jpg,c
test_4490.jpg,a
test_4491.jpg,c
test_4492.jpg,c
test_4493.jpg,b
test_4494.jpg,c
test_4495.jpg,d
test_4496.jpg,a
test_4497.jpg,a
test_4498.jpg,c
test_4499.jpg,c
test_4500.jpg,a
test_4501.jpg,b
test_4502.jpg,b
test_4503.jpg,a
test_4504.jpg,b
test_4505.jpg,d
test_4506.jpg,d
test_4507.jpg,a
test_4508.jpg,c
test_4509.jpg,a
test_4510.jpg,b
test_4511.jpg,a
test_4512.jpg,b
test_4513.jpg,d
test_4514.jpg,a
test_4515.jpg,b
test_4516.jpg,b
test_4517.jpg,d
test_4518.jpg,d
test_4519.jpg,a
test_4520.jpg,c
test_4521.jpg,d
test_4522.jpg,b
test_4523.jpg,a
test_4524.jpg,a
test_4525.jpg,d
test_4526.jpg,d
test_4527.jpg,d
test_4528.jpg,c
test_4529.jpg,a
test_4530.jpg,c
test_4531.jpg,a
test_4532.jpg,c
test_4533.jpg,c
test_4534.jpg,b
test_4535.jpg,b
test_4536.jpg,b
test_4537.jpg,d
test_4538.jpg,d
test_4539.jpg,b
test_4540.jpg,a
test_4541.jpg,b
test_4542.jpg,c
test_4543.jpg,c
test_4544.jpg,a
test_4545.jpg,a
test_4546.jpg,c
test_4547.jpg,b
test_4548.jpg,a
test_4549.jpg,c
test_4550.jpg,c
test_4551.jpg,c
test_4552.jpg,d
test_4553.jpg,b
test_4554.jpg,d
test_4555.jpg,a
test_4556.jpg,a
test_4557.jpg,a
test_4558.jpg,d
test_4559.jpg,c
test_4560.jpg,c
test_4561.jpg,b
test_4562.jpg,a
test_4563.jpg,c
test_4564.jpg,a
test_4565.jpg,d
test_4566.jpg,a
test_4567.jpg,a
test_4568.jpg,d
test_4569.jpg,b
test_4570.jpg,c
test_4571.jpg,c
test_4572.jpg,c
test_4573.jpg,a
test_4574.jpg,d
test_4575.jpg,c
test_4576.jpg,a
test_4577.jpg,b
test_4578.jpg,a
test_4579.jpg,d
test_4580.jpg,c
test_4581.jpg,d
test_4582.jpg,c
test_4583.jpg,c
test_4584.jpg,d
test_4585.jpg,b
test_4586.jpg,d
test_4587.jpg,c
test_4588.jpg,a
test_4589.jpg,d
test_4590.jpg,a
test_4591.jpg,a
test_4592.jpg,b
test_4593.jpg,d
test_4594.jpg,a
test_4595.jpg,a
test_4596.jpg,b
test_4597.jpg,d
test_4598.jpg,c
test_4599.jpg,d
test_4600.jpg,a
test_4601.jpg,d
test_4602.jpg,d
test_4603.jpg,d
test_4604.jpg,a
test_4605.jpg,c
test_4606.jpg,d
test_4607.jpg,c
test_4608.jpg,c
test_4609.jpg,c
test_4610.jpg,d
test_4611.jpg,d
test_4612.jpg,b
test_4613.jpg,a
test_4614.jpg,a
test_4615.jpg,d
test_4616.jpg,a
test_4617.jpg,c
test_4618.jpg,c
test_4619.jpg,d
test_4620.jpg,c
test_4621.jpg,d
test_4622.jpg,a
test_4623.jpg,c
test_4624.jpg,a
test_4625.jpg,d
test_4626.jpg,a
test_4627.jpg,c
test_4628.jpg,b
test_4629.jpg,c
test_4630.jpg,b
test_4631.jpg,a
test_4632.jpg,d
test_4633.jpg,b
test_4634.jpg,b
test_4635.jpg,b
test_4636.jpg,b
test_4637.jpg,b
test_4638.jpg,c
test_4639.jpg,b
test_4640.jpg,a
test_4641.jpg,a
test_4642.jpg,a
test_4643.jpg,a
test_4644.jpg,a
test_4645.jpg,c
test_4646.jpg,a
test_4647.jpg,b
test_4648.jpg,a
test_4649.jpg,b
test_4650.jpg,d
test_4651.jpg,a
test_4652.jpg,c
test_4653.jpg,b
test_4654.jpg,a
test_4655.jpg,b
test_4656.jpg,b
test_4657.jpg,a
test_4658.jpg,d
test_4659.jpg,d
test_4660.jpg,c
test_4661.jpg,c
test_4662.jpg,c
test_4663.jpg,c
test_4664.jpg,b
test_4665.jpg,b
test_4666.jpg,c
test_4667.jpg,b
test_4668.jpg,c
test_4669.jpg,a
test_4670.jpg,b
test_4671.jpg,b
test_4672.jpg,b
test_4673.jpg,c
test_4674.jpg,a
test_4675.jpg,c
test_4676.jpg,a
test_4677.jpg,a
test_4678.jpg,d
test_4679.jpg,b
test_4680.jpg,c
test_4681.jpg,c
test_4682.jpg,a
test_4683.jpg,c
test_4684.jpg,a
test_4685.jpg,c
test_4686.jpg,c
test_4687.jpg,a
test_4688.jpg,d
test_4689.jpg,b
test_4690.jpg,a
test_4691.jpg,b
test_4692.jpg,b
test_4693.jpg,b
test_4694.jpg,b
test_4695.jpg,a
test_4696.jpg,b
test_4697.jpg,b
test_4698.jpg,a
test_4699.jpg,c
test_4700.jpg,a
test_4701.jpg,a
test_4702.jpg,c
test_4703.jpg,c
test_4704.jpg,b
test_4705.jpg,d
test_4706.jpg,b
test_4707.jpg,b
test_4708.jpg,b
test_4709.jpg,a
test_4710.jpg,c
test_4711.jpg,b
test_4712.jpg,d
test_4713.jpg,a
test_4714.jpg,c
test_4715.jpg,d
test_4716.jpg,b
test_4717.jpg,b
test_4718.jpg,d
test_4719.jpg,d
test_4720.jpg,c
test_4721.jpg,c
test_4722.jpg,c
test_4723.jpg,c
test_4724.jpg,a
test_4725.jpg,b
test_4726.jpg,a
test_4727.jpg,d
test_4728.jpg,a
test_4729.jpg,b
test_4730.jpg,a
test_4731.jpg,c
test_4732.jpg,c
test_4733.jpg,d
test_4734.jpg,c
test_4735.jpg,b
test_4736.jpg,b
test_4737.jpg,d
test_4738.jpg,a
test_4739.jpg,b
test_4740.jpg,b
test_4741.jpg,d
test_4742.jpg,d
test_4743.jpg,a
test_4744.jpg,d
test_4745.jpg,b
test_4746.jpg,b
test_4747.jpg,c
test_4748.jpg,c
test_4749.jpg,d
test_4750.jpg,d
test_4751.jpg,c
test_4752.jpg,a
test_4753.jpg,b
test_4754.jpg,d
test_4755.jpg,a
test_4756.jpg,d
test_4757.jpg,a
test_4758.jpg,b
test_4759.jpg,c
test_4760.jpg,a
test_4761.jpg,c
test_4762.jpg,c
test_4763.jpg,a
test_4764.jpg,a
test_4765.jpg,c
test_4766.jpg,b
test_4767.jpg,a
test_4768.jpg,b
test_4769.jpg,d
test_4770.jpg,c
test_4771.jpg,b
test_4772.jpg,c
test_4773.jpg,b
test_4774.jpg,c
test_4775.jpg,d
test_4776.jpg,a
test_4777.jpg,d
test_4778.jpg,c
test_4779.jpg,c
test_4780.jpg,d
test_4781.jpg,c
test_4782.jpg,b
test_4783.jpg,a
test_4784.jpg,c
test_4785.jpg,b
test_4786.jpg,a
test_4787.jpg,b
test_4788.jpg,b
test_4789.jpg,a
test_4790.jpg,b
test_4791.jpg,d
test_4792.jpg,a
test_4793.jpg,c
test_4794.jpg,b
test_4795.jpg,b
test_4796.jpg,b
test_4797.jpg,c
test_4798.jpg,d
test_4799.jpg,b
test_4800.jpg,b
test_4801.jpg,c
test_4802.jpg,b
test_4803.jpg,b
test_4804.jpg,b
test_4805.jpg,d
test_4806.jpg,c
test_4807.jpg,c
test_4808.jpg,a
test_4809.jpg,b
test_4810.jpg,b
test_4811.jpg,c
test_4812.jpg,b
test_4813.jpg,d
test_4814.jpg,a
test_4815.jpg,c
test_4816.jpg,a
test_4817.jpg,b
test_4818.jpg,a
test_4819.jpg,a
test_4820.jpg,b
test_4821.jpg,a
test_4822.jpg,d
test_4823.jpg,b
test_4824.jpg,b
test_4825.jpg,b
test_4826.jpg,d
test_4827.jpg,d
test_4828.jpg,b
test_4829.jpg,a
test_4830.jpg,d
test_4831.jpg,a
test_4832.jpg,c
test_4833.jpg,b
test_4834.jpg,d
test_4835.jpg,b
test_4836.jpg,d
test_4837.jpg,d
test_4838.jpg,b
test_4839.jpg,d
test_4840.jpg,c
test_4841.jpg,a
test_4842.jpg,b
test_4843.jpg,b
test_4844.jpg,a
test_4845.jpg,c
test_4846.jpg,c
test_4847.jpg,c
test_4848.jpg,c
test_4849.jpg,a
test_4850.jpg,c
test_4851.jpg,b
test_4852.jpg,a
test_4853.jpg,d
test_4854.jpg,b
test_4855.jpg,d
test_4856.jpg,c
test_4857.jpg,d
test_4858.jpg,a
test_4859.jpg,a
test_4860.jpg,a
test_4861.jpg,b
test_4862.jpg,d
test_4863.jpg,d
test_4864.jpg,d
test_4865.jpg,c
test_4866.jpg,d
test_4867.jpg,b
test_4868.jpg,c
test_4869.jpg,d
test_4870.jpg,b
test_4871.jpg,c
test_4872.jpg,a
test_4873.jpg,c
test_4874.jpg,b
test_4875.jpg,a
test_4876.jpg,b
test_4877.jpg,c
test_4878.jpg,d
test_4879.jpg,c
test_4880.jpg,c
test_4881.jpg,a
test_4882.jpg,c
test_4883.jpg,c
test_4884.jpg,d
test_4885.jpg,a
test_4886.jpg,b
test_4887.jpg,d
test_4888.jpg,c
test_4889.jpg,c
test_4890.jpg,c
test_4891.jpg,d
test_4892.jpg,c
test_4893.jpg,c
test_4894.jpg,d
test_4895.jpg,d
test_4896.jpg,b
test_4897.jpg,a
test_4898.jpg,c
test_4899.jpg,a
test_4900.jpg,c
test_4901.jpg,b
test_4902.jpg,a
test_4903.jpg,c
test_4904.jpg,d
test_4905.jpg,d
test_4906.jpg,a
test_4907.jpg,b
test_4908.jpg,b
test_4909.jpg,b
test_4910.jpg,b
test_4911.jpg,a
test_4912.jpg,d
test_4913.jpg,a
test_4914.jpg,b
test_4915.jpg,d
test_4916.jpg,d
test_4917.jpg,c
test_4918.jpg,b
test_4919.jpg,b
test_4920.jpg,d
test_4921.jpg,c
test_4922.jpg,b
test_4923.jpg,a
test_4924.jpg,c
test_4925.jpg,d
test_4926.jpg,d
test_4927.jpg,a
test_4928.jpg,a
test_4929.jpg,d
test_4930.jpg,b
test_4931.jpg,b
test_4932.jpg,d
test_4933.jpg,d
test_4934.jpg,c
test_4935.jpg,b
test_4936.jpg,a
test_4937.jpg,a
test_4938.jpg,b
test_4939.jpg,a
test_4940.jpg,d
test_4941.jpg,d
test_4942.jpg,c
test_4943.jpg,c
test_4944.jpg,c
test_4945.jpg,c
test_4946.jpg,a
test_4947.jpg,b
test_4948.jpg,c
test_4949.jpg,b
test_4950.jpg,d
test_4951.jpg,b
test_4952.jpg,d
test_4953.jpg,d
test_4954.jpg,b
test_4955.jpg,d
test_4956.jpg,b
test_4957.jpg,a
test_4958.jpg,c
test_4959.jpg,a
test_4960.jpg,d
test_4961.jpg,a
test_4962.jpg,c
test_4963.jpg,d
test_4964.jpg,a
test_4965.jpg,d
test_4966.jpg,d
test_4967.jpg,c
test_4968.jpg,d
test_4969.jpg,c
test_4970.jpg,c
test_4971.jpg,c
test_4972.jpg,d
test_4973.jpg,a
test_4974.jpg,b
test_4975.jpg,a
test_4976.jpg,c
test_4977.jpg,c
test_4978.jpg,b
test_4979.jpg,c
test_4980.jpg,a
test_4981.jpg,d
test_4982.jpg,b
test_4983.jpg,b
test_4984.jpg,c
test_4985.jpg,d
test_4986.jpg,d
test_4987.jpg,c
test_4988.jpg,c
test_4989.jpg,a
test_4990.jpg,b
test_4991.jpg,d
test_4992.jpg,c
test_4993.jpg,c
test_4994.jpg,d
test_4995.jpg,b
test_4996.jpg,b
test_4997.jpg,a
test_4998.jpg,d
test_4999.jpg,a
test_5000.jpg,d
test_5001.jpg,b
test_5002.jpg,c
test_5003.jpg,a
test_5004.jpg,c
test_5005.jpg,a
test_5006.jpg,b
test_5007.jpg,d
test_5008.jpg,b
test_5009.jpg,b
test_5010.jpg,b
test_5011.jpg,a
test_5012.jpg,d
test_5013.jpg,b
test_5014.jpg,d
test_5015.jpg,a
test_5016.jpg,b
test_5017.jpg,d
test_5018.jpg,b
test_5019.jpg,c
test_5020.jpg,a
test_5021.jpg,b
test_5022.jpg,d
test_5023.jpg,d
test_5024.jpg,d
test_5025.jpg,d
test_5026.jpg,c
test_5027.jpg,b
test_5028.jpg,b
test_5029.jpg,c
test_5030.jpg,b
test_5031.jpg,b
test_5032.jpg,b
test_5033.jpg,a
test_5034.jpg,d
test_5035.jpg,b
test_5036.jpg,b
test_5037.jpg,b
test_5038.jpg,a
test_5039.jpg,a
test_5040.jpg,c
test_5041.jpg,b
test_5042.jpg,b
test_5043.jpg,b
test_5044.jpg,c
test_5045.jpg,a
test_5046.jpg,c
test_5047.jpg,b
test_5048.jpg,a
test_5049.jpg,c
test_5050.jpg,b
test_5051.jpg,a
test_5052.jpg,c
test_5053.jpg,c
test_5054.jpg,a
test_5055.jpg,d
test_5056.jpg,c
test_5057.jpg,b
test_5058.jpg,d
test_5059.jpg,c
test_5060.jpg,b
test_5061.jpg,d
test_5062.jpg,d
test_5063.jpg,d
test_5064.jpg,b
test_5065.jpg,c
test_5066.jpg,d
test_5067.jpg,c
test_5068.jpg,d
test_5069.jpg,c
test_5070.jpg,d
test_5071.jpg,d
test_5072.jpg,b
test_5073.jpg,c
test_5074.jpg,a
